Date,AAPL,MSFT,NVDA,JPM,XOM,KO,JNJ,WMT,DIS,SPY
2021-07-01,133.8042,260.6536,20.1423,137.8143,52.6366,46.5409,144.1867,43.5686,171.8648,402.293
2021-07-02,136.4263,266.4598,20.4164,137.6819,52.5617,46.7307,146.8105,43.8157,171.7193,405.368
2021-07-06,138.4342,266.4694,20.6272,135.3699,51.064,46.4719,145.9329,43.7625,168.4034,404.6297
2021-07-07,140.9199,268.6479,20.3015,135.5288,50.2652,46.8515,147.184,43.6906,167.5599,406.0597
2021-07-08,139.6235,266.2391,19.8341,133.1904,50.0405,46.6876,146.8973,43.653,167.5405,402.7511
2021-07-09,141.4462,266.7382,19.9811,137.4525,50.9475,46.9722,147.4795,43.8751,171.6514,407.0503
2021-07-12,140.8516,266.1431,20.4418,139.4202,50.8976,46.9895,147.2449,43.7969,178.7681,408.5084
2021-07-13,141.9628,269.6556,20.1802,137.3466,50.6563,47.4552,147.0624,43.9626,178.0603,407.1158
2021-07-14,145.3842,271.1239,19.7731,136.8789,49.533,48.5247,148.0615,44.266,177.8373,407.7234
2021-07-15,144.7312,269.7036,18.9009,137.1789,49.0504,48.68,146.2805,44.3004,178.5451,406.3307
2021-07-16,142.6939,269.4348,18.0984,134.0464,47.6941,48.6455,146.0459,44.2691,173.8524,403.1436
2021-07-19,138.8534,265.8456,18.715,129.6873,46.0549,48.0676,144.9859,44.1659,167.686,397.19
2021-07-20,142.46,268.0624,18.5478,132.105,46.5625,48.1538,146.35,44.3661,171.3703,402.8819
2021-07-21,141.7289,270.0586,19.3431,134.8846,48.0602,48.7748,147.2536,44.1471,171.506,406.1438
2021-07-22,143.0936,274.6076,19.5265,133.1816,47.5194,48.7058,147.6793,44.1784,169.7996,406.9943
2021-07-23,144.8091,277.9953,19.4906,132.9257,47.4611,49.1716,149.2518,44.5412,170.7789,411.1815
2021-07-26,145.2283,277.4003,19.2275,133.8169,48.6593,49.2147,149.3213,44.6037,173.2997,412.1909
2021-07-27,143.0643,274.9915,19.1418,133.6404,48.1185,49.3872,150.0077,44.6069,174.0366,410.3123
2021-07-28,141.3196,274.6844,19.4358,133.861,48.443,48.9387,149.5906,44.4255,173.6488,410.144
2021-07-29,141.9628,274.9531,19.5942,135.0082,49.0337,49.2061,149.5906,44.4818,172.9216,411.845
2021-07-30,142.1773,273.4272,19.4318,133.9316,47.9021,49.1888,149.608,44.5787,170.6625,409.845
2021-08-02,141.8459,273.3408,19.6819,133.3934,47.9104,49.0595,149.6688,44.4755,170.2068,408.985
2021-08-03,143.6395,275.5482,19.7467,134.9111,48.4263,49.094,151.5107,44.9759,167.7247,412.3123
2021-08-04,143.2398,274.9627,20.2041,133.4552,47.2947,48.3867,150.6158,44.6694,167.3272,410.2842
2021-08-05,143.347,277.8514,20.5659,135.1405,47.5942,48.7317,150.9025,45.4981,171.3315,412.8825
2021-08-06,142.6637,277.7938,20.2958,138.979,48.1434,48.8525,150.3986,45.4168,171.7387,413.5648
2021-08-09,142.6148,276.7094,20.225,138.829,47.5942,48.8611,150.9199,45.5262,171.3412,413.2283
2021-08-10,142.1365,274.8955,19.8673,140.532,48.4097,48.9905,150.972,46.4957,171.6806,413.7423
2021-08-11,142.3904,275.385,19.6311,142.2086,48.5511,48.9301,150.9981,46.9116,172.6695,414.7704
2021-08-12,145.3483,278.1296,19.8364,142.7645,48.4413,49.025,152.2144,46.7861,173.833,416.0135
2021-08-13,145.5533,281.0472,20.1184,141.1674,47.9514,49.3613,153.1266,46.9336,175.5685,416.7706
2021-08-16,147.5252,282.7267,19.8812,140.2408,47.2504,49.577,154.508,47.3165,173.6391,417.7519
2021-08-17,146.6173,281.2679,19.3909,138.5466,46.9294,49.4045,155.9242,47.3008,170.4783,415.0135
2021-08-18,142.8784,279.5468,18.9744,137.2848,45.9411,48.7317,153.9433,46.7986,169.4215,410.4711
2021-08-19,143.2104,285.3544,19.7298,136.1376,44.539,49.0422,155.1423,47.1156,167.9768,411.1065
2021-08-20,144.6649,292.6525,20.7442,136.5259,44.5474,48.8525,155.8981,47.5362,169.7899,414.3779
2021-08-23,146.1488,292.9313,21.8823,138.2731,46.3803,48.68,155.2252,47.2224,172.2526,418.0229
2021-08-24,146.0609,290.9794,21.7179,139.129,46.7605,48.3091,153.285,46.7359,173.0379,418.6865
2021-08-25,144.8309,290.3929,22.1364,141.9968,46.8449,48.3608,152.2712,46.7547,172.8828,419.5651
2021-08-26,144.0304,287.5852,21.9919,142.7292,46.2114,47.9037,151.4584,46.2493,171.1861,417.0883
2021-08-27,145.0651,288.191,22.558,143.8764,47.1068,47.9986,151.135,45.9888,174.6571,420.8175
2021-08-30,149.4776,291.9121,22.6098,141.5733,46.5915,48.4557,151.773,46.3592,174.502,422.6682
2021-08-31,148.2184,290.2679,22.3118,141.1409,46.0509,48.5678,151.3098,46.4847,175.7818,422.0418
2021-09-01,148.8821,290.2198,22.3676,140.938,45.4174,48.8956,151.8429,46.3843,177.8954,422.2661
2021-09-02,149.995,289.5659,22.3227,141.5909,46.5239,48.9646,152.883,46.6291,176.3248,423.5654
2021-09-03,150.6296,289.5563,22.7683,140.735,46.3466,48.9301,152.9791,46.8457,175.4909,423.4624
2021-09-07,152.9627,288.6333,22.5879,140.4879,46.0763,48.0158,150.6019,46.2242,178.7293,421.9484
2021-09-08,151.4203,288.6621,22.2659,139.8614,45.6539,48.6627,150.2348,46.2839,179.5146,421.4344
2021-09-09,150.405,285.8159,22.1045,140.4703,45.6877,48.1797,146.8876,45.9574,180.2515,419.6305
2021-09-10,145.4264,284.3352,22.4045,138.8555,45.5948,47.9641,145.9262,45.7911,178.516,416.3219
2021-09-13,145.9926,285.566,22.0795,141.0615,46.7689,48.3608,144.9036,45.5306,179.3498,417.3875
2021-09-14,144.5966,288.2582,22.1692,138.5996,46.1016,48.3956,144.0297,45.292,176.8483,415.1349
2021-09-15,145.4849,293.0948,22.2679,139.5614,47.6558,48.5607,144.5715,45.3705,178.7971,418.6024
2021-09-16,145.2506,293.4794,22.1692,139.4996,47.149,48.1001,144.3967,45.5212,177.7597,417.9388
2021-09-17,142.5856,288.3352,21.8284,139.1378,46.5915,47.3093,143.986,45.427,177.8858,413.8677
2021-09-20,139.5398,282.9794,21.0439,134.9729,45.3499,46.9791,143.1644,44.8024,173.1737,406.9668
2021-09-21,140.0181,283.4602,21.1765,134.9905,45.3076,46.9704,143.7937,44.8903,165.9601,406.5824
2021-09-22,142.3806,287.0948,21.8692,137.5759,46.6337,47.0399,143.2693,44.7867,168.3646,410.5485
2021-09-23,143.3373,288.0371,22.4085,142.2262,48.2133,46.9617,144.0821,44.8118,170.8855,415.5367
2021-09-24,143.4251,287.8352,22.0088,143.8675,48.644,46.8314,143.6451,44.9374,170.6431,416.221
2021-09-27,141.912,282.8545,21.5891,147.3442,50.0884,46.588,142.6051,44.6486,172.8343,415.0303
2021-09-28,138.5343,272.6141,20.6313,146.55,50.6121,45.7451,142.2905,44.0993,169.2082,406.6667
2021-09-29,139.4324,273.0756,20.4499,146.4353,50.5783,46.0232,143.348,44.0805,167.4242,407.3512
2021-09-30,138.1341,271.0756,20.6482,144.4411,49.683,45.5973,141.1456,43.7478,164.021,402.3723
2021-10-01,139.2567,277.9794,20.6741,147.4766,51.4652,46.0753,140.2454,43.0164,170.6528,407.1543
2021-10-04,135.8302,272.2198,19.6674,147.3177,52.1325,46.0492,139.1529,42.6021,168.1804,401.9036
2021-10-05,137.7534,277.6526,20.3841,149.7235,52.048,46.1275,139.4675,42.8815,169.2954,406.0854
2021-10-06,138.6221,281.8352,20.6323,150.0431,51.0936,46.6749,139.7559,43.1953,170.1389,407.7731
2021-10-07,139.8815,283.5083,21.0061,150.9929,51.2372,46.8227,141.0057,43.7038,172.3011,411.2986
2021-10-08,139.5007,283.5083,20.7629,151.1083,52.521,47.0312,140.6474,43.8357,171.3606,410.5485
2021-10-11,139.4129,282.9122,20.6273,147.9303,51.9973,47.1268,140.0531,43.7948,168.2386,407.5762
2021-10-12,138.1438,281.614,20.6034,146.794,51.7271,47.1268,137.8158,43.7478,167.8605,406.5729
2021-10-13,137.5581,284.9122,20.8705,142.9235,51.5835,47.1355,139.1354,43.4308,167.6956,408.0356
2021-10-14,140.3403,291.1044,21.6749,145.1162,52.369,47.4571,139.9308,43.9016,169.1015,414.899
2021-10-15,141.3946,292.5082,21.7905,147.9036,52.8673,47.3441,140.9708,44.115,171.0891,418.0588
2021-10-18,143.0639,295.4698,22.1493,147.8504,52.842,46.8748,139.9395,44.4697,165.931,419.2965
2021-10-19,145.2214,296.3737,22.2171,149.6436,53.636,47.0573,143.2169,45.4144,165.9698,422.5313
2021-10-20,145.7095,295.5851,22.0307,151.6587,53.9316,47.4744,143.1382,45.8256,165.359,424.1909
2021-10-21,145.9242,298.8063,22.6178,150.4692,52.9518,47.2311,142.8061,46.0799,166.125,425.2973
2021-10-22,145.1531,297.2679,22.6517,152.4932,53.315,47.318,143.0858,46.5601,164.2634,424.8566
2021-10-25,145.1042,296.2774,23.0902,151.7475,54.3539,47.1268,143.4004,47.0999,166.7746,427.1351
2021-10-26,145.768,298.1812,24.6361,152.1558,55.6125,47.3354,144.8599,46.6888,166.8036,427.5195
2021-10-27,145.3092,310.7389,24.371,148.9867,54.1681,48.2479,143.1033,46.3058,164.3895,425.6255
2021-10-28,148.9407,311.8735,24.8594,151.2326,54.3202,48.6998,142.3254,46.5946,164.5155,429.7324
2021-10-29,146.2366,318.8638,25.4834,150.8154,54.4553,48.9865,142.3517,46.8991,163.9241,430.6043
2021-11-01,145.4166,316.7005,25.7425,150.7355,55.4351,48.8127,142.474,47.0152,165.01,431.3451
2021-11-02,146.4514,320.3158,26.3146,151.3302,54.7509,48.7519,144.7201,46.9932,164.6609,433.089
2021-11-03,147.8864,321.1524,26.511,151.3835,53.9992,48.917,144.2569,47.1376,164.9033,435.7331
2021-11-04,147.369,323.4985,29.7035,149.395,54.4046,49.1864,143.8549,47.4829,165.0972,437.7865
2021-11-05,147.8969,323.1331,29.6547,149.182,54.9199,49.395,142.8323,47.1533,170.2844,439.3055
2021-11-08,147.0757,324.0273,30.7032,150.0786,55.5111,48.9518,142.3429,46.852,171.4866,439.6805
2021-11-09,147.4374,323.0273,30.5567,148.9423,56.0517,49.0908,142.0283,47.0152,169.7802,438.2271
2021-11-10,144.612,318.0754,29.3626,148.8002,54.9475,49.2907,143.5665,46.5915,169.1403,434.7017
2021-11-11,144.5632,319.6427,30.2906,148.7914,55.0502,49.3081,142.509,46.6103,157.1759,434.8423
2021-11-12,146.6358,323.7678,30.2906,148.1256,54.6307,49.1951,144.2132,46.378,154.7714,438.124
2021-11-15,146.6456,323.1428,29.9268,147.8593,55.1016,49.2038,142.911,46.1112,153.6079,438.274
2021-11-16,147.6232,326.4504,30.1042,146.794,55.658,48.8562,142.1681,44.9374,153.9957,440.0086
2021-11-17,150.0575,326.672,29.1653,146.0039,55.0502,48.5868,142.7012,44.5513,152.5414,438.9398
2021-11-18,154.3396,328.743,31.5714,144.7433,54.451,48.1523,141.9321,44.9342,150.8447,440.4306
2021-11-19,156.9597,330.5155,32.8771,142.8525,51.9343,47.909,142.3604,44.6925,149.3127,439.643
2021-11-22,157.4191,327.3559,31.8515,145.8974,52.6534,48.2044,140.4866,45.4427,149.4679,438.4053
2021-11-23,157.8004,325.2848,31.6422,149.3861,54.0401,48.5607,141.3575,45.766,146.4331,438.9866
2021-11-24,158.3186,325.5064,32.5671,148.2143,54.3397,48.1697,140.9617,45.9951,146.7337,440.1587
2021-11-26,153.3032,317.5785,31.3999,143.7491,52.4308,46.6923,140.0468,45.4803,143.602,430.3417
2021-11-29,156.6565,324.2733,33.2668,143.1277,52.7218,47.431,140.5306,44.7679,143.3111,435.6205
2021-11-30,161.6034,318.4551,32.5691,140.9971,51.2238,45.9334,137.1702,44.1401,140.4897,427.1445
2021-12-01,161.0853,317.9638,31.336,140.1627,51.181,45.8021,139.0615,43.0447,137.8234,422.4001
2021-12-02,160.0978,317.3954,32.0248,143.1099,52.4565,46.4764,138.1906,42.5205,142.7197,428.8696
2021-12-03,158.2208,311.1533,30.5963,140.5178,52.1226,46.888,140.2051,43.1608,141.7695,425.1379
2021-12-06,161.623,314.2166,29.9424,142.1778,52.7133,48.0878,143.3369,43.6285,145.7932,430.173
2021-12-07,167.3519,322.6261,32.3249,144.3172,53.3039,48.3505,143.7063,43.4873,146.2198,439.0711
2021-12-08,171.1647,322.6743,31.7258,142.6661,53.458,48.1666,144.5685,43.0478,148.6728,440.2336
2021-12-09,170.6563,320.873,30.394,142.4441,53.595,48.044,145.9407,43.6466,148.285,437.2615
2021-12-10,175.437,329.9665,30.1029,141.876,53.9374,49.2876,145.5801,44.4439,148.062,441.3777
2021-12-13,171.8099,326.9417,28.0723,140.1893,52.7561,50.5837,148.1839,45.2443,145.8514,437.4677
2021-12-14,170.4315,316.2876,28.2478,141.2635,52.679,50.6187,149.8026,45.6761,144.5619,434.4579
2021-12-15,175.2903,322.3661,30.3631,140.2071,52.4479,50.8464,150.5503,45.9376,145.8223,441.2464
2021-12-16,168.4078,312.974,28.2976,142.3997,52.5335,51.3631,152.1953,45.1719,144.2225,437.3552
2021-12-17,167.3128,311.9143,27.7134,139.1596,51.3864,50.5574,147.9904,43.7254,144.2322,432.7005
2021-12-20,165.9539,308.1671,27.6317,136.6562,50.6417,50.391,147.5682,43.8672,142.0119,428.0994
2021-12-21,169.1215,315.2762,28.9834,138.5648,51.7888,50.5925,147.0931,43.9995,146.4525,435.702
2021-12-22,171.7122,320.9693,29.3074,139.1063,52.2082,50.9515,147.7265,44.0563,147.2572,440.0584
2021-12-23,172.3379,322.4045,29.5467,139.6034,52.2339,50.9866,148.008,43.9586,148.954,442.7965
2021-12-27,176.2973,329.8798,30.8475,140.4023,52.9786,51.3631,149.2572,44.3588,148.1492,449.0631
2021-12-28,175.2805,328.7238,30.2265,140.8285,52.8074,51.5646,149.8554,44.9954,150.4762,448.6961
2021-12-29,175.3685,329.398,29.9065,140.7575,52.3452,51.6259,150.911,44.9733,150.1562,449.2701
2021-12-30,174.215,326.8646,29.4928,140.6864,52.037,51.477,151.5795,45.1183,151.184,448.028
2021-12-31,173.599,323.9747,29.3184,140.571,52.3794,51.8536,150.4887,45.5973,150.1756,446.8989
2022-01-03,177.9397,322.4623,30.0261,143.5449,54.3911,51.9324,150.9022,45.5847,151.9887,449.4865
2022-01-04,175.6814,316.9331,29.1978,148.9867,56.4369,52.7994,150.4975,44.7496,150.9901,449.3359
2022-01-05,171.0083,304.7667,27.5171,146.2628,57.1389,53.2373,151.5004,45.3546,150.4665,440.7076
2022-01-06,168.1536,302.3584,28.0893,147.8168,58.4828,52.957,150.9814,45.2286,152.1245,440.2936
2022-01-07,168.3198,302.5125,27.1612,149.2814,58.9622,52.8344,153.0223,45.6603,153.0262,438.553
2022-01-10,168.3393,302.7341,27.3137,149.4243,58.6112,52.922,152.2657,45.5721,151.8336,438.0072
2022-01-11,171.1647,303.4181,27.7294,149.5761,61.0765,52.9395,150.647,45.4429,153.0843,441.9968
2022-01-12,171.6047,306.5873,27.9108,150.4245,60.8968,53.0183,149.3627,45.2034,152.9971,443.1916
2022-01-13,168.3393,293.6118,26.4913,150.237,60.4602,53.3336,148.4566,45.8431,150.7089,437.0851
2022-01-14,169.1996,298.8136,26.8572,141.0028,61.5217,53.7627,147.6473,45.7139,147.3154,437.2639
2022-01-18,166.0028,291.5407,25.8214,135.0909,62.5575,53.3336,146.9964,44.9134,147.6354,429.5201
2022-01-19,162.5126,292.1957,24.9881,133.0012,62.5831,53.4212,146.5389,45.3609,145.5411,425.0602
2022-01-20,160.831,290.5293,24.0739,131.867,62.7201,53.2022,145.369,44.5038,143.1269,420.3555
2022-01-21,158.778,285.1636,23.3004,129.563,61.7785,52.9395,145.0347,44.1792,133.1986,412.1038
2022-01-24,158.0057,285.4912,23.2984,129.4468,62.3092,52.5104,143.3632,44.1823,133.2762,413.8539
2022-01-25,156.2068,277.9005,22.2537,130.8578,64.1411,52.3878,147.4626,43.2211,132.3551,408.8011
2022-01-26,156.1189,285.8187,22.7003,132.0992,63.4905,52.1951,148.1224,42.78,129.5336,407.7756
2022-01-27,155.6594,288.8337,21.8749,129.7683,64.3037,52.2389,150.0665,42.8083,131.2982,405.7619
2022-01-28,166.5209,296.9447,22.7681,130.9293,64.4407,53.281,151.1221,43.3378,134.4106,415.8392
2022-01-31,170.8714,299.5649,24.4089,132.7065,65.0227,53.4299,151.562,44.0594,138.6184,423.3289
2022-02-01,170.7052,297.4265,24.5604,134.9837,69.1915,53.0358,150.3216,44.4061,140.0922,426.1894
2022-02-02,171.9077,301.9539,25.1625,133.9031,69.0118,53.5788,151.9842,44.3872,138.2791,430.3293
2022-02-03,169.0334,290.1921,23.8726,132.7958,68.2071,53.9554,151.9754,44.4313,135.7679,420.2144
2022-02-04,168.7496,294.7099,24.2424,136.2429,69.688,53.3861,150.9814,43.9081,137.6974,422.1903
2022-02-07,168.035,289.9031,24.6501,136.6984,70.5269,53.9466,150.4799,43.4764,138.1725,420.8355
2022-02-08,171.138,293.3805,25.0289,139.2704,68.7036,54.2969,150.8758,43.4859,138.1434,424.298
2022-02-09,172.5574,299.7864,26.6209,139.8508,68.3747,53.4562,150.8582,43.3913,142.7488,430.5082
2022-02-10,168.4853,291.2805,25.7427,139.2704,67.7169,53.7539,149.0373,42.884,147.5287,422.7738
2022-02-11,165.0788,284.21,23.8736,137.4574,69.422,52.7994,147.5329,42.6476,144.9206,414.4372
2022-02-14,165.3137,284.1714,24.1906,136.1804,68.3574,53.1409,145.6768,42.2127,146.2586,413.0823
2022-02-15,169.1411,289.4407,26.4116,138.1719,67.5005,53.3423,147.1811,42.3451,150.0108,419.744
2022-02-16,168.9062,289.1029,26.4275,138.422,67.8121,53.3336,147.0931,42.0804,151.5912,420.2144
2022-02-17,165.3137,280.6373,24.4298,135.2338,67.7083,54.402,146.1958,43.7663,148.2947,411.238
2022-02-18,163.767,277.9345,23.5675,135.8679,66.9553,54.7698,144.6288,43.4859,146.7531,408.5753
2022-02-22,160.85,277.7318,23.3163,135.6267,66.1763,54.5421,142.6633,43.0006,143.5826,404.1907
2022-02-23,156.6898,270.5404,22.3165,132.7868,66.4446,53.9379,142.7342,42.5594,141.4302,397.0208
2022-02-24,159.3034,284.3632,23.6732,129.0897,65.6051,52.992,140.0073,42.3955,144.8527,402.9956
2022-02-25,161.3688,286.9889,24.0809,132.1438,67.3707,55.0413,146.9661,42.9785,144.9788,411.8873
2022-02-28,161.6331,288.4175,24.3082,126.6337,67.8727,54.5071,145.7001,42.594,143.9414,410.8335
2022-03-01,159.7536,284.7108,23.4031,121.856,68.5218,54.2706,145.1954,42.8556,141.2654,404.5764
2022-03-02,163.0427,289.7689,24.1478,124.3833,69.6989,54.6735,147.0015,42.9092,142.8554,412.0191
2022-03-03,162.7197,285.6472,23.6433,123.4992,70.1403,54.7085,149.1617,43.8955,141.1393,409.9678
2022-03-04,159.7243,279.7975,22.8677,120.0252,72.7801,54.7961,150.0471,45.008,136.4369,406.637
2022-03-07,155.936,269.2276,21.2884,115.3903,75.4026,53.4912,152.464,44.6456,129.4367,394.6497
2022-03-08,154.1153,266.2738,21.4499,114.5776,75.9738,51.3719,149.3742,43.7222,127.74,391.6575
2022-03-09,159.5089,278.4846,22.9454,119.1679,71.655,51.6346,149.9408,43.9491,129.5821,402.1582
2022-03-10,155.1725,275.6757,22.5905,117.7569,73.8793,50.6888,150.2064,44.9481,129.5724,400.3422
2022-03-11,151.4625,270.3473,22.0342,115.1046,73.4985,50.7238,149.932,44.7716,127.74,395.2519
2022-03-14,147.4393,266.8434,21.2665,116.2476,70.8674,51.6592,152.0036,45.3956,125.1027,392.3633
2022-03-15,151.8149,277.1816,22.9046,118.3106,66.8341,52.6123,155.9434,45.9408,130.1154,400.9915
2022-03-16,156.2199,284.1702,24.423,123.5974,66.5831,52.4711,154.5092,45.8053,133.9355,409.8832
2022-03-17,157.2281,284.9715,24.6922,125.1602,68.3574,53.0271,156.5278,45.8749,135.225,415.0112
2022-03-18,160.5172,290.0005,26.3742,125.1156,68.0891,53.0359,154.7925,46.0109,136.0297,419.5568
2022-03-21,161.8876,288.7746,26.6543,124.7137,71.1443,53.4595,155.6689,45.6281,134.4008,419.4341
2022-03-22,165.255,293.5045,26.445,127.366,70.8327,53.6536,154.9341,45.4921,135.8455,424.3419
2022-03-23,166.6156,289.0931,25.5576,124.8298,71.9492,53.3006,154.3498,44.9068,133.4507,418.8772
2022-03-24,170.3941,293.5432,28.0661,125.6425,72.1656,53.8124,155.1466,45.1852,134.7305,425.1914
2022-03-25,171.0304,293.1377,27.6095,126.7409,73.7408,54.2978,156.634,45.3814,134.905,427.2679
2022-03-28,171.8918,299.9141,28.1349,125.8033,71.6723,54.6419,157.4396,46.1881,134.4978,430.3071
2022-03-29,175.1809,304.4605,28.5706,126.0801,71.2915,54.8537,157.3599,46.5772,138.0464,435.6303
2022-03-30,174.0159,302.9643,27.6075,125.5085,72.5118,54.8979,158.9978,47.4124,136.6696,432.9404
2022-03-31,170.9227,297.607,27.2047,121.7399,71.4819,54.7125,156.9084,47.1118,132.9853,426.2768
2022-04-01,170.629,298.6784,26.6324,120.8379,71.9406,55.4803,157.7584,47.773,132.8302,427.485
2022-04-04,174.6718,304.0357,27.2785,121.3737,71.9752,55.1891,156.2356,47.7825,134.3621,431.1472
2022-04-05,171.3632,300.0878,25.8537,119.9612,71.603,55.1273,157.2449,47.9185,131.4921,425.701
2022-04-06,168.2014,289.1029,24.3343,118.2969,72.3993,55.6833,161.3351,49.0321,128.535,421.4444
2022-04-07,168.5049,290.908,24.1359,117.937,73.611,55.9833,160.919,49.5225,127.8563,423.568
2022-04-08,166.4982,286.6606,23.0501,120.0962,75.1602,56.3275,161.2377,49.7977,127.8563,422.4354
2022-04-11,162.2498,275.3572,21.8517,119.6554,72.5724,56.3098,159.2191,48.8107,126.6734,415.2151
2022-04-12,164.1195,272.2682,21.4399,118.3418,74.087,56.9717,159.2722,48.4753,126.8576,413.6766
2022-04-13,166.8016,277.6353,22.1368,114.5273,75.1343,57.1217,159.9451,49.7376,128.3217,418.4147
2022-04-14,161.7995,270.1156,21.1947,113.4657,76.0171,57.3776,159.2722,49.6933,126.4989,413.2047
2022-04-18,161.5842,270.7817,21.7181,115.5709,76.6403,56.8658,157.2891,49.3137,123.8811,413.3746
2022-04-19,163.865,275.3958,22.1319,117.964,75.9565,57.4217,162.0877,49.8736,127.8854,420.0475
2022-04-20,163.6985,276.419,21.418,118.3778,76.1296,58.2071,162.8047,50.5,120.7785,419.736
2022-04-21,162.9057,271.0617,20.1229,117.4602,75.3247,58.4277,162.3356,50.5759,117.9571,413.4595
2022-04-22,158.3734,264.5171,19.4569,114.0864,73.6802,57.5805,160.7242,49.6237,114.6702,402.1145
2022-04-25,159.4404,270.9747,19.8427,114.0505,71.1962,58.1894,164.6817,49.649,116.2991,404.4457
2022-04-26,153.4888,260.8393,18.732,110.6767,71.2222,57.4041,163.5042,49.1302,112.2463,392.7327
2022-04-27,153.2637,273.388,18.3601,109.2373,73.2561,57.8541,161.22,48.7948,111.7034,393.8369
2022-04-28,160.1844,279.5755,19.7231,110.9646,75.4718,58.4101,162.4241,49.4181,111.7809,403.7851
2022-04-29,154.3208,267.8859,18.4917,107.3839,73.7841,57.0158,159.7681,48.3994,108.2323,388.863
2022-05-02,154.6243,274.5946,19.4748,108.3646,74.7881,55.9833,158.1568,48.0799,110.0454,391.2038
2022-05-03,156.1122,271.998,19.5436,110.6857,76.3287,55.6656,157.8469,48.2476,110.0939,392.997
2022-05-04,162.5141,279.9134,20.2734,114.3473,79.3666,57.3864,159.5379,48.9151,112.6535,404.9649
2022-05-05,153.4594,267.7217,18.7879,111.4864,78.1636,56.9275,156.4923,48.496,109.1825,390.5713
2022-05-06,154.1849,265.1927,18.6194,111.3065,79.3579,57.1305,156.147,47.4863,106.9331,388.2401
2022-05-09,149.0676,255.3951,16.8995,109.6331,73.1003,57.0158,156.997,48.0419,103.7239,375.8096
2022-05-10,151.4693,260.1443,17.5426,106.9611,73.585,56.4863,156.7845,47.3656,104.4026,376.6779
2022-05-11,143.617,251.505,16.5805,106.2863,75.117,56.751,155.9346,46.8703,102.0077,370.6939
2022-05-12,139.7546,246.4855,16.1268,106.1964,75.458,56.9275,157.475,46.8259,101.1351,370.3071
2022-05-13,144.215,252.0552,17.6532,107.141,77.6964,57.9953,156.572,47.0069,104.0632,379.1602
2022-05-16,142.6759,252.422,17.2126,106.3943,79.5238,58.2071,157.661,47.0577,101.9787,377.6218
2022-05-17,146.3031,257.5573,18.1229,109.921,80.538,58.0483,158.3161,41.7045,105.3333,385.3896
2022-05-18,138.0488,245.8308,16.8875,108.0407,79.2615,54.0066,155.3768,38.8723,101.1254,369.854
2022-05-19,134.6471,244.9213,17.073,106.4393,79.6899,52.9476,153.9957,37.8055,100.0007,367.5887
2022-05-20,134.8823,244.3602,16.6443,105.5666,80.3194,53.8124,156.6871,37.8468,99.3027,367.7492
2022-05-23,140.2937,252.1875,16.8477,112.0982,82.0944,55.4715,159.8859,38.9263,102.6089,374.6298
2022-05-24,137.5979,251.191,16.1059,113.6816,82.5403,56.4951,161.6323,39.4121,98.4979,371.77
2022-05-25,137.7547,253.9968,16.9244,114.4733,84.2017,56.5392,160.0463,39.1708,100.1171,375.0545
2022-05-26,140.9505,257.2671,17.7978,116.4526,84.4989,56.7422,159.9037,40.0058,102.3956,382.5486
2022-05-27,146.6952,264.3687,18.755,118.0989,85.3296,57.0775,161.3561,40.7933,105.9926,391.9399
2022-05-31,145.911,263.0432,18.6164,118.9626,83.9393,55.9304,159.9661,40.8409,107.0786,389.7407
2022-06-01,145.7835,263.5754,18.2654,116.8754,85.5482,55.6568,158.3444,39.8312,105.8666,386.5883
2022-06-02,148.2343,265.6652,19.5336,118.7557,85.3995,56.2392,157.8454,40.4853,107.4955,393.9503
2022-06-03,142.5191,261.2533,18.6642,117.1003,86.6411,55.5685,157.195,39.7899,105.3624,387.485
2022-06-06,143.2641,260.0245,18.73,116.7134,86.4226,55.4803,157.1771,39.6471,104.548,388.6648
2022-06-07,145.7835,263.6528,18.8696,117.0194,90.3834,55.8156,158.9058,39.1708,104.5092,392.3929
2022-06-08,145.0482,261.6306,18.5964,115.157,91.4502,55.4979,157.9613,38.8311,104.0729,388.1267
2022-06-09,139.833,256.1931,17.998,112.7369,89.4741,54.5361,154.7803,38.4246,100.1559,378.896
2022-06-10,134.4314,244.7762,16.927,107.5549,87.839,54.1919,153.7467,38.6406,96.3746,367.9097
2022-06-13,129.2847,234.3945,15.6037,104.3521,83.8082,54.1301,152.1963,37.9135,92.7969,353.9408
2022-06-14,130.1474,236.5522,15.7922,102.6157,84.0268,52.6458,149.8618,37.9293,91.3522,352.8742
2022-06-15,132.7648,243.5861,16.4812,103.8303,82.9688,53.0369,151.4657,37.9039,92.9617,357.9049
2022-06-16,127.5005,237.0166,15.5578,102.0489,79.9085,52.5036,151.5459,38.2977,91.4104,346.0598
2022-06-17,128.971,239.6096,15.836,101.6891,75.3006,52.8235,150.9934,37.5579,91.4686,346.8058
2022-06-21,133.1962,245.5019,16.5201,104.2081,79.9872,53.9524,154.1566,38.7898,90.4506,355.5361
2022-06-22,132.6864,244.9117,16.3147,103.6233,76.822,54.3523,156.5891,38.3199,90.6542,354.8915
2022-06-23,135.549,250.4556,16.1801,102.4898,74.5049,55.0012,160.0819,39.2502,91.4298,358.3704
2022-06-24,138.8723,259.0086,17.0786,105.5486,75.9826,56.0322,162.4253,39.2819,94.8039,369.7643
2022-06-27,138.8723,256.2899,16.8223,104.7029,77.845,55.9167,162.2738,39.4089,93.6695,368.352
2022-06-28,134.7353,248.1529,15.9378,104.1991,80.0047,55.3567,157.6583,38.8533,93.0005,360.8255
2022-06-29,136.4901,251.8102,15.499,103.7313,77.0493,55.7567,157.7029,38.7104,92.7387,360.5317
2022-06-30,134.0295,248.4915,15.117,101.3112,74.8809,55.9167,158.1662,38.6025,91.5268,357.6025
2022-07-01,136.196,251.1522,14.4828,102.6067,76.5509,57.2233,159.9572,38.9358,93.2138,361.3847
2022-07-05,138.7742,254.3161,14.9226,102.2165,74.1552,56.2456,158.7276,39.4502,94.2222,362.0672
2022-07-06,140.1075,257.567,15.0881,101.5539,72.8174,56.3611,158.8701,39.7296,93.1556,363.29
2022-07-07,143.47,259.6859,15.8141,104.1225,75.1432,55.9167,159.0483,39.7899,94.4645,368.7311
2022-07-08,144.1464,258.97,15.7942,103.7957,75.2656,56.1211,158.8522,39.8153,92.9423,368.4278
2022-07-11,142.0191,255.9222,15.1101,102.4343,74.8809,55.9434,158.9147,39.8312,90.7899,364.2191
2022-07-12,142.9896,245.4341,15.0402,102.5341,73.8841,55.7034,156.6871,39.7106,90.7511,360.9962
2022-07-13,142.6269,244.515,15.122,101.572,74.1814,55.4456,156.3218,39.8058,90.1112,359.1003
2022-07-14,145.5483,245.8308,15.3294,98.0232,72.695,55.2678,156.5356,40.5837,89.0447,358.2281
2022-07-15,147.2148,248.3851,15.7184,102.516,73.9191,55.5523,158.8077,40.9806,92.3024,365.0722
2022-07-18,144.1758,245.9953,16.0564,101.4631,75.2831,54.7968,155.2436,40.8853,92.7872,362.0578
2022-07-19,148.0284,251.1038,16.945,103.9772,77.1805,55.5789,152.9804,41.1362,96.5782,371.8403
2022-07-20,150.0283,253.7549,17.7577,103.9591,78.0286,54.6634,152.1072,41.4791,100.2044,374.2101
2022-07-21,152.2928,256.2415,18.0,104.667,76.7258,54.539,152.6418,42.0855,101.0091,378.0207
2022-07-22,151.0577,251.9069,17.2711,104.1588,76.14,54.7434,153.3636,41.9776,99.5935,374.5134
2022-07-25,149.9401,250.4266,16.9769,104.5763,78.6757,55.2767,153.6665,41.9172,99.5645,374.9685
2022-07-26,148.6166,243.7216,16.4872,102.9426,78.3696,56.1833,154.7536,38.7295,96.743,370.5322
2022-07-27,153.7045,260.0148,17.7407,104.5944,80.0659,56.0056,154.3259,40.1932,100.3498,380.1535
2022-07-28,154.2535,267.4358,17.9342,104.2041,81.0015,56.9389,155.2169,41.1965,101.7072,384.9216
2022-07-29,159.312,271.6252,18.1127,104.7033,84.7525,57.0366,155.502,41.9268,102.8707,390.5333
2022-08-01,158.3316,268.9839,18.3899,103.6596,82.6103,57.3477,154.9585,42.0823,102.987,389.3769
2022-08-02,156.8611,265.8975,18.4747,102.044,82.2518,56.5655,154.0764,42.1268,101.523,386.8079
2022-08-03,162.8607,273.2991,18.8407,103.115,79.585,56.8144,155.5644,41.4346,105.7018,392.8652
2022-08-04,162.547,274.4408,19.1618,101.9805,76.2362,56.5922,153.0695,39.8693,104.8292,392.5998
2022-08-05,162.3212,273.7248,18.9364,105.0664,77.3379,56.3344,152.4636,40.19,103.3845,391.9362
2022-08-08,161.85,271.2189,17.7437,103.7866,77.775,55.97,151.6528,40.517,105.789,391.4811
2022-08-09,161.8991,273.1346,17.0387,104.7215,79.209,56.0411,151.635,40.9171,104.8389,389.9266
2022-08-10,166.14,279.7719,18.0469,107.4534,79.961,56.5744,152.0716,41.0028,109.008,398.1166
2022-08-11,165.4037,277.7014,17.8923,109.0418,82.2741,56.1922,148.9263,41.3982,114.1079,398.1166
2022-08-12,168.9476,282.4326,18.6572,110.8479,82.9892,56.6189,147.2868,42.1636,117.8698,404.8563
2022-08-15,170.0176,283.942,18.9793,111.1475,81.506,57.3299,147.9907,42.2847,120.4779,406.5247
2022-08-16,169.8606,283.2066,18.8267,112.2094,80.7467,57.801,149.3094,44.4436,121.1566,407.3209
2022-08-17,171.3527,282.4601,18.2842,111.2654,81.4,57.6677,149.3183,44.4915,119.0721,404.4298
2022-08-18,170.96,281.345,18.721,110.4032,83.3247,57.9699,148.5966,44.348,118.9363,405.6051
2022-08-19,168.3782,277.4472,17.7996,107.6713,83.0598,57.9254,150.8598,43.6942,116.4833,400.1546
2022-08-22,164.5005,269.3028,16.9868,105.8923,82.998,57.0633,150.3305,42.913,112.4112,391.8224
2022-08-23,164.1668,268.0326,17.1334,104.8485,86.5206,57.1255,149.0209,42.7312,111.364,390.8745
2022-08-24,164.4613,267.4024,17.1743,105.1027,87.0327,57.2055,148.5275,43.0405,112.8669,392.1258
2022-08-25,166.9155,270.3693,17.8634,107.5986,87.483,57.481,149.9179,43.3275,113.8849,397.6617
2022-08-26,160.6229,259.9365,16.215,104.0771,86.4059,56.0945,147.3525,41.9659,110.5981,384.2012
2022-08-29,158.4239,257.1635,15.7573,103.823,88.3923,55.7567,146.2133,42.374,110.0745,381.6607
2022-08-30,155.9992,254.9723,15.4252,103.8411,85.0286,55.2412,145.702,42.2465,109.008,377.4709
2022-08-31,154.3401,253.5179,15.0522,103.2239,84.3929,54.8501,144.7242,42.2688,108.6686,374.5987
2022-09-01,155.0666,252.4805,13.8984,103.9319,82.8744,55.1078,148.3123,42.8842,109.1049,375.7741
2022-09-02,152.956,248.2724,13.6092,103.2058,84.3929,54.3523,145.98,42.4123,107.8154,371.8119
2022-09-06,151.6994,245.5479,13.4277,103.233,83.8279,54.379,146.3747,42.2018,106.7392,370.409
2022-09-07,153.1032,250.2407,13.6801,105.1935,83.1128,55.3834,147.1731,43.2861,109.2601,377.0633
2022-09-08,151.6307,250.6576,13.9554,107.644,83.7926,55.2145,148.3571,43.5061,108.911,379.528
2022-09-09,154.4874,256.4169,14.3514,108.1614,85.1964,55.3923,148.6442,43.6368,111.6743,385.4239
2022-09-12,160.4364,258.5403,14.4691,109.4411,86.1763,55.5523,148.5814,44.0291,112.8475,389.5664
2022-09-13,151.022,244.3262,13.0985,105.6382,84.1634,53.7479,144.7152,43.1202,108.3584,372.6271
2022-09-14,152.4651,244.5492,13.0955,105.3931,86.2293,54.0324,147.7023,43.0246,109.0759,374.049
2022-09-15,149.579,237.9173,12.897,106.9815,83.722,53.2982,148.079,42.5622,107.3985,369.8023
2022-09-16,147.9396,237.2967,13.1654,106.2644,82.2917,53.3071,150.3395,42.4729,104.9552,366.9811
2022-09-19,151.6503,237.0834,13.3489,107.2447,82.2829,53.71,149.1555,42.8364,105.8472,369.8271
2022-09-20,154.026,235.0763,13.1434,105.1299,81.6119,53.6295,147.9804,42.5877,104.2959,365.582
2022-09-21,150.9043,231.6828,13.2282,102.0985,80.2965,53.1818,146.4644,42.9767,101.3097,359.2047
2022-09-22,149.9422,233.6511,12.5299,100.9367,79.961,53.0565,149.0658,42.5367,99.0506,356.1875
2022-09-23,147.6745,230.6841,12.4851,99.0579,75.7056,52.4655,149.5501,41.4748,96.4715,350.2197
2022-09-26,148.0083,230.2284,12.1978,96.925,74.1429,51.812,148.6351,41.8734,95.1335,346.7551
2022-09-27,148.9802,229.22,12.3823,96.0718,75.6967,50.478,147.9534,41.7586,92.9326,345.8699
2022-09-28,147.0953,233.7383,12.7045,98.0142,78.4513,51.0151,149.2272,42.4474,96.3746,352.6754
2022-09-29,139.8701,230.2769,12.1898,96.3532,78.2924,50.648,147.5857,42.1731,94.4839,345.3083
2022-09-30,135.6685,225.8168,12.109,94.8465,77.0828,50.1556,146.5362,41.36,91.4589,339.9686
2022-10-03,139.8407,233.4183,12.4811,97.7782,81.1528,50.7197,146.3927,42.2624,94.1737,348.9442
2022-10-04,143.4238,241.3108,13.1344,102.3526,84.1104,50.8361,148.5634,42.8109,98.3525,359.7568
2022-10-05,143.7184,241.621,13.1763,101.0889,87.5095,50.3526,148.106,42.3868,97.732,358.9191
2022-10-06,142.7661,239.2843,13.0975,99.0284,90.1051,49.2693,145.2355,41.9914,96.9951,355.2167
2022-10-07,137.5239,227.116,12.0461,97.0504,89.1957,48.8037,143.7016,40.9964,94.2028,345.3083
2022-10-10,137.8479,222.2778,11.6411,96.1439,87.2623,48.6963,143.89,41.2388,92.2636,342.6718
2022-10-11,136.4342,218.5546,11.5574,93.3692,86.5206,48.7769,145.9711,42.3071,90.2663,340.5016
2022-10-12,135.806,218.8842,11.4716,94.8801,86.9003,49.3678,145.9352,41.8287,90.5669,339.3785
2022-10-13,140.3708,227.116,11.9304,100.1548,89.9373,50.0213,148.1418,42.1827,93.6986,348.335
2022-10-14,135.8452,221.6088,11.1992,101.8215,87.5713,49.2245,147.5229,41.5927,91.5752,340.397
2022-10-17,139.8014,230.306,11.8586,106.098,88.8337,49.8602,149.4335,41.8925,94.3676,349.144
2022-10-18,141.1169,231.2465,11.9374,108.8269,88.9927,50.5317,148.9133,42.7758,95.4826,353.2465
2022-10-19,141.2249,229.2879,12.0212,106.6932,91.6324,50.1019,147.7292,42.6547,95.9771,350.7432
2022-10-20,140.7635,228.9679,12.1639,106.3452,91.756,49.314,148.106,42.7599,95.5892,347.8021
2022-10-21,144.5724,234.7564,12.4352,111.9313,93.46,50.1019,151.3352,43.6241,98.9342,356.2542
2022-10-24,146.7124,239.7304,12.5679,112.0686,94.1133,51.5434,153.3714,44.4564,98.624,360.6135
2022-10-25,149.5495,243.0366,13.2282,112.3616,93.4776,52.7789,153.1292,44.6668,101.1836,366.3719
2022-10-26,146.6143,224.2848,12.8641,113.6529,94.59,53.1729,154.4748,45.0081,101.4454,363.6116
2022-10-27,142.1476,219.8538,13.1434,114.1016,94.952,53.2982,154.5645,44.8773,101.2612,361.67
2022-10-28,152.8873,228.6965,13.7998,115.4569,97.733,54.3994,156.8608,45.4449,102.7252,370.2744
2022-10-31,150.5312,225.0702,13.4636,115.2737,97.8301,53.5847,156.0535,45.3875,103.2973,367.5997
2022-11-01,147.8905,221.2307,13.5095,117.3525,98.8013,53.3967,155.2641,45.1834,102.7737,365.9912
2022-11-02,142.3734,213.4061,13.1863,116.2719,96.7707,52.6536,152.8781,44.8837,98.7209,356.8062
2022-11-03,136.3361,207.734,13.3878,116.4825,98.0862,52.6267,153.1382,44.8741,96.2291,353.1322
2022-11-04,136.0706,214.6568,14.121,119.6693,99.1544,53.0565,153.8199,44.9538,96.5491,358.2149
2022-11-07,136.6016,220.9397,14.2656,120.3011,100.3286,53.2624,155.1655,45.4258,97.3732,361.6414
2022-11-08,137.1719,221.9093,14.5659,120.3744,100.6465,53.3609,155.9369,45.5342,96.8594,363.5927
2022-11-09,132.6191,217.682,13.7419,118.8085,96.1439,52.6178,154.69,44.4755,84.1096,356.1018
2022-11-10,144.4189,235.5902,15.7111,123.6986,97.5564,54.5069,156.502,45.3971,87.7067,375.6711
2022-11-11,147.2017,239.5946,16.2866,123.9,100.6023,54.9008,151.8196,45.4673,92.1182,379.3071
2022-11-14,145.8054,234.2037,16.2547,122.6272,100.896,54.3726,154.2057,44.1311,91.4104,376.0804
2022-11-15,147.536,234.6109,16.6248,121.7389,101.5724,54.283,154.6362,47.0171,92.603,379.288
2022-11-16,146.3068,235.0387,15.8707,121.9037,100.4866,54.1846,155.596,47.3551,91.0905,376.3945
2022-11-17,148.2047,234.9902,15.6382,121.3726,100.6201,54.3547,156.8518,47.1956,88.6665,375.2428
2022-11-18,148.7651,234.5429,15.3709,122.563,99.7479,54.7397,158.0538,47.9068,89.0059,376.9465
2022-11-21,145.5399,235.3499,15.2791,121.8396,98.7601,55.5812,158.8664,48.2001,94.61,375.5759
2022-11-22,147.6737,238.2474,15.9984,123.6619,101.6169,55.823,159.6338,48.3723,93.2817,380.6301
2022-11-23,148.5488,240.7269,16.4782,124.9806,101.1096,56.0737,159.8053,48.6051,95.8704,383.0287
2022-11-25,145.6382,240.6393,16.2298,125.2187,100.7536,56.1274,160.0129,48.8124,95.8607,382.943
2022-11-28,141.8131,235.0679,15.7879,123.0301,97.7277,56.1363,160.0942,48.9527,92.7775,376.8324
2022-11-29,138.814,233.6775,15.6003,125.0539,98.3774,55.9394,158.9747,48.7805,91.8079,376.1852
2022-11-30,145.5595,248.0776,16.8855,126.5374,99.0894,57.355,160.699,48.6051,94.8912,388.0352
2022-12-01,145.8349,247.64,17.097,124.7608,98.6088,57.5173,161.3671,48.9081,95.5892,387.7496
2022-12-02,145.3432,247.9609,16.8386,123.7718,97.7722,58.0222,161.4935,48.8602,96.4037,387.3023
2022-12-05,144.1829,243.2743,16.5732,120.3011,95.0934,57.2288,161.4033,48.3596,93.0102,380.3351
2022-12-06,140.525,238.3349,15.9516,120.5026,92.4502,57.2017,158.9837,47.7983,89.481,374.8526
2022-12-07,138.5879,237.6057,16.0843,120.4202,92.2455,57.2919,159.9498,47.5496,89.3452,374.2148
2022-12-08,140.2693,240.5518,17.1309,121.6839,92.9308,57.5353,159.9768,47.6232,89.7331,377.1464
2022-12-09,139.7875,238.6266,16.9633,121.0246,92.1476,56.9312,158.6587,46.5125,90.5378,374.3291
2022-12-12,142.0786,245.5204,17.4961,122.9019,94.417,57.6796,160.5546,47.38,91.7789,379.726
2022-12-13,143.0423,249.8083,18.0319,122.7828,95.4494,57.6976,161.7914,47.2103,91.8176,382.6004
2022-12-14,140.82,250.1,17.6348,122.1693,94.7463,57.6976,162.288,46.9478,91.2844,380.1542
2022-12-15,134.222,242.1172,16.9144,119.1382,93.8385,56.9042,160.2386,46.5285,87.7358,370.8549
2022-12-16,132.2652,237.9168,16.5343,118.3964,93.18,56.5796,158.5956,45.6931,87.3382,366.4766
2022-12-19,130.1609,233.7942,16.218,119.1015,93.5983,56.6607,158.424,45.7091,83.1691,363.369
2022-12-20,130.092,235.1068,16.0493,119.6785,94.951,56.6156,158.5956,46.1092,84.3714,363.8662
2022-12-21,133.1895,237.664,16.4644,121.0246,96.1702,57.5263,160.4102,46.4709,84.2744,369.3069
2022-12-22,130.0232,231.5967,15.305,119.651,94.2301,57.1115,159.8233,45.9267,84.032,364.0384
2022-12-23,129.6594,232.1217,15.1723,120.2188,96.7221,57.5443,160.2296,46.0196,85.3313,366.1324
2022-12-27,127.86,230.4008,14.0897,120.64,98.0659,57.896,160.1844,46.0324,83.7412,364.6885
2022-12-28,123.9365,228.038,14.0049,121.2993,96.4551,57.3189,159.4893,45.2257,81.6081,360.1563
2022-12-29,127.447,234.3387,14.5706,121.9953,97.1848,57.6616,160.3018,45.501,84.5265,366.6391
2022-12-30,127.7616,233.1816,14.5816,122.8011,98.1638,57.355,159.4803,45.3858,84.2356,365.6734
2023-01-03,122.9827,232.9482,14.2833,123.7352,94.7908,56.7599,160.8706,45.9652,86.262,364.134
2023-01-04,124.2512,222.7583,14.7163,124.889,95.0667,56.7328,162.622,46.0164,89.1804,366.9451
2023-01-05,122.9336,216.1563,14.2334,124.8614,97.1937,56.0836,161.4213,45.8595,89.1222,362.757
2023-01-06,127.4568,218.7038,14.8261,127.2506,98.3685,57.1656,162.7303,46.983,91.0614,371.0759
2023-01-09,127.9779,220.8332,15.5934,126.7248,96.5352,56.4533,158.5143,46.3973,91.8855,370.8655
2023-01-10,128.5482,222.5153,15.8737,127.8595,97.9769,56.0205,158.1351,46.3685,92.6515,373.4663
2023-01-11,131.2622,229.2437,15.9655,128.8097,99.1161,55.9123,157.8823,46.775,93.398,378.1899
2023-01-12,131.1835,231.9079,16.4744,128.6805,100.7625,55.191,157.0879,46.3525,96.7721,379.5668
2023-01-13,132.511,232.608,16.8615,131.9278,100.7002,55.3894,156.5732,46.5061,96.3746,381.0393
2023-01-17,133.6713,233.697,17.6628,129.889,100.5044,55.6148,155.6073,46.2244,96.8691,380.3412
2023-01-18,132.9535,229.2826,17.3385,125.9868,98.4397,53.9287,153.2599,45.0817,96.0255,374.3364
2023-01-19,133.0125,225.51,16.7278,124.3079,99.0716,53.8475,153.0523,44.4383,96.0643,371.6114
2023-01-20,135.5691,233.5706,17.7994,124.6123,100.8782,54.1721,152.3391,44.9857,100.3304,378.5341
2023-01-23,138.755,235.8652,19.1505,126.6326,100.3531,54.3074,151.9509,45.6579,102.4731,383.076
2023-01-24,140.1513,235.3401,19.2223,127.7211,101.2876,54.5959,151.9509,45.7795,102.7737,382.6649
2023-01-25,139.4925,233.9497,19.2802,128.3392,100.7536,54.9385,153.0342,45.5618,104.8292,382.8083
2023-01-26,141.5574,241.1352,19.7581,129.1325,104.803,54.8303,152.4745,45.5202,106.3611,387.0154
2023-01-27,143.4946,241.2907,20.3198,129.4462,102.8895,54.5418,151.8786,45.8691,106.2059,387.9047
2023-01-30,140.6135,235.9916,19.1195,128.3484,101.0651,54.677,146.2542,45.501,104.3153,383.0377
2023-01-31,141.8819,240.9504,19.4937,129.1141,103.2455,55.2902,147.5362,46.0516,105.1879,388.6697
2023-02-01,143.0029,245.7537,20.8966,128.7728,102.1153,55.2992,148.8904,46.3076,106.0605,392.8004
2023-02-02,148.303,257.2757,21.6609,128.1731,98.9203,54.3524,149.4501,45.9716,109.7642,398.5183
2023-02-03,151.9216,251.1987,21.0532,130.1565,99.6056,53.9467,148.6105,45.3602,107.3403,394.2824
2023-02-06,149.1978,249.6624,21.0422,130.9222,99.4365,54.2533,147.482,45.0305,106.5259,391.8729
2023-02-07,152.069,260.1538,22.1238,132.5181,102.2755,54.1631,147.5181,45.1265,108.2323,396.998
2023-02-08,149.3846,259.3467,22.1558,131.5864,101.3855,53.8475,147.7077,44.8833,108.3778,392.6569
2023-02-09,148.3522,256.3228,22.2875,129.5385,101.7682,53.7573,145.7125,45.2994,107.001,389.2529
2023-02-10,148.7165,255.8173,21.2179,130.1104,106.0579,53.7573,146.3896,46.0036,104.771,390.1613
2023-02-13,151.5134,263.8097,21.7397,131.5219,105.6453,54.641,146.9313,46.7046,104.3832,394.7414
2023-02-14,150.8733,264.6361,22.9201,132.103,104.4077,53.7303,146.2903,46.5701,104.3832,394.5598
2023-02-15,152.9709,262.5209,22.7135,132.6565,104.0938,53.7303,143.8798,46.9158,105.9151,395.841
2023-02-16,151.3755,255.5319,21.9532,130.83,103.7889,53.3967,142.8597,46.1796,102.6089,390.3907
2023-02-17,150.2331,251.5452,21.3406,131.2174,99.798,54.2082,145.8421,46.8742,102.0174,389.4155
2023-02-21,146.2249,246.2912,20.6092,128.8097,99.6994,53.9196,143.6689,47.1591,98.9827,381.6034
2023-02-22,146.6484,245.1606,20.708,127.8226,98.408,54.0819,143.4689,46.17,98.5852,381.0776
2023-02-23,147.131,248.3382,23.6115,128.8466,99.3138,54.1811,143.4234,45.4818,98.6337,383.1047
2023-02-24,144.4818,242.9283,23.2344,130.0089,99.3227,53.9557,141.8231,45.6035,97.2472,379.0121
2023-02-27,145.6735,243.8447,23.4489,131.1436,99.1434,53.9377,141.5139,45.2738,97.3926,380.303
2023-02-28,145.1712,243.1233,23.1645,132.2414,98.5694,53.6582,139.3588,45.4946,96.5782,378.8974
2023-03-01,143.1031,240.0528,22.6477,131.5034,99.4483,53.0721,138.7314,44.8608,95.5408,377.444
2023-03-02,143.694,244.7707,23.2623,130.1382,99.9057,53.8475,138.6223,44.9729,95.9092,380.3795
2023-03-03,148.7362,248.8451,23.837,132.5274,101.1702,53.595,140.0499,45.0273,98.0616,386.48
2023-03-06,151.4937,250.3852,23.5018,131.7525,102.067,54.4246,141.4502,45.0209,97.5962,386.7477
2023-03-07,149.2976,247.7339,23.2403,127.8779,100.094,54.109,140.1136,44.5728,96.0449,380.8193
2023-03-08,150.5483,247.2953,24.1315,127.1215,98.6322,54.136,139.0861,44.2046,96.2776,381.4409
2023-03-09,148.3029,245.9501,23.388,120.2396,97.8699,53.6131,137.5221,43.907,93.2138,374.4034
2023-03-10,146.2447,242.3142,22.918,123.2931,96.6592,53.3877,137.8585,43.8429,90.722,369.0009
2023-03-13,148.1847,247.5097,22.919,121.0791,95.5471,53.9287,139.177,43.971,89.7815,368.475
2023-03-14,150.2725,254.2063,24.0137,124.1879,95.9058,54.127,139.959,44.2046,90.5184,374.5659
2023-03-15,150.6665,258.7389,24.1784,118.3208,91.1348,54.4877,140.35,44.6976,90.2663,372.2233
2023-03-16,153.483,269.2273,25.4887,120.6178,90.6056,54.7875,140.059,44.4437,91.4201,378.754
2023-03-17,152.6459,272.3757,25.6723,116.0606,89.5384,54.5331,138.5587,44.8036,90.3633,374.3253
2023-03-20,155.0095,265.3575,25.847,117.2876,91.8791,55.0601,139.9317,45.2858,91.3522,377.9247
2023-03-21,156.8609,266.8683,26.1454,120.4333,95.9955,54.8057,139.9317,45.1315,93.6016,382.8871
2023-03-22,155.433,265.416,26.4138,117.3245,93.7983,54.5604,137.3493,44.8422,92.0115,376.3602
2023-03-23,156.5162,270.6504,27.1353,117.0108,92.7401,54.4423,137.4221,45.2054,92.9132,377.3776
2023-03-24,157.8162,273.4869,26.7242,115.2304,92.8477,55.3327,138.8042,45.575,91.2165,379.854
2023-03-27,155.8761,269.4026,26.4767,118.533,94.8835,55.7415,139.3952,46.3368,92.7096,380.5643
2023-03-28,155.2556,268.2817,26.3559,118.8927,96.0673,55.8051,138.0495,46.1568,91.934,379.71
2023-03-29,158.3283,273.4285,26.9287,119.1326,97.7174,56.2049,139.4043,46.356,93.9216,385.229
2023-03-30,159.8941,276.879,27.3269,118.7728,98.1927,56.1958,139.5134,46.8189,95.1142,387.4846
2023-03-31,162.3955,281.0217,27.7201,120.2119,98.3452,56.3594,140.9411,47.3909,97.0824,392.9461
2023-04-03,163.6463,279.9788,27.9077,120.0735,104.1476,56.6956,142.6232,47.7895,96.7236,394.4435
2023-04-04,163.1145,279.93,27.3968,118.4684,103.1522,56.5229,144.1145,47.3203,96.5394,392.255
2023-04-05,161.2729,277.1617,26.826,118.645,104.9189,57.059,150.5887,48.1045,96.8691,391.228
2023-04-06,162.1592,284.2384,26.9816,118.5149,103.1791,57.0953,150.1704,48.4676,96.9272,392.7541
2023-04-10,159.5692,282.0843,27.5225,118.9054,102.7217,56.959,149.4157,48.3744,97.7417,393.1573
2023-04-11,158.3578,275.6898,27.1134,119.4911,103.4481,56.8591,149.3702,48.233,97.3635,393.2629
2023-04-12,157.6684,276.3332,26.4408,119.4725,103.3405,56.959,149.052,47.9984,94.959,391.6599
2023-04-13,163.0455,282.5229,26.4088,119.9281,103.8248,57.377,151.0433,48.0466,97.7708,396.8622
2023-04-14,162.7009,278.9163,26.7032,128.9838,104.0759,57.2861,150.7978,47.722,96.8594,395.8928
2023-04-17,162.7205,281.5091,26.9467,130.0065,102.8652,57.6586,150.6432,48.0563,97.2472,397.3134
2023-04-18,163.9417,281.09,27.6103,131.4662,104.874,57.7495,146.4059,48.1623,97.858,397.5725
2023-04-19,165.0841,281.168,27.8738,131.2989,104.5422,57.8585,147.788,48.2137,95.7444,397.5054
2023-04-20,164.119,278.887,27.0485,130.9177,103.7082,58.1129,148.7428,48.5223,95.0851,395.3362
2023-04-21,162.5138,278.5459,27.0635,130.6667,104.04,58.1947,147.9335,48.7666,96.5394,395.6433
2023-04-24,162.819,274.6566,26.9866,130.8433,106.004,58.1039,148.8337,49.0976,96.6461,396.0559
2023-04-25,161.2827,268.4669,26.1873,127.9983,104.4974,58.013,150.1977,48.7151,95.0269,389.7691
2023-04-26,161.2729,287.9133,26.9008,125.7297,103.5378,57.7404,147.8699,48.503,93.6695,388.1182
2023-04-27,165.8523,297.1345,27.1703,127.4218,104.7754,57.8585,148.2154,48.6541,96.8885,395.8448
2023-04-28,167.103,299.5032,27.6922,128.5282,106.1296,58.2856,148.8519,48.5223,99.3802,399.2234
2023-05-01,167.0143,297.846,28.8508,131.2803,102.8383,58.4219,148.761,48.7215,99.0991,398.8203
2023-05-02,165.9803,297.6998,28.1522,129.1605,98.7398,58.1584,150.0613,48.5898,97.5381,394.3379
2023-05-03,164.9068,296.7154,27.7451,126.427,96.7937,57.8313,148.0972,48.4098,97.7901,391.6312
2023-05-04,163.272,297.6998,27.5056,124.6977,95.0987,57.8949,147.4243,48.5453,94.4839,388.8572
2023-05-05,170.9339,302.8075,28.6213,127.1336,97.4663,58.1674,147.9244,48.9647,97.4605,396.0559
2023-05-08,170.865,300.858,29.0913,127.4404,97.8519,58.0766,147.588,49.2712,99.8359,396.1615
2023-05-09,169.1612,299.2496,28.5125,126.8268,97.8789,57.595,146.4423,49.3551,99.07,394.4243
2023-05-10,170.924,304.4256,28.8259,126.8919,96.6233,57.695,146.9878,49.2164,98.0616,396.2672
2023-05-11,171.1112,302.2812,28.5195,126.4921,94.8745,58.0221,146.3877,49.4003,89.5004,395.5761
2023-05-12,170.1842,301.17,28.282,124.6791,94.8655,58.2492,146.1968,49.3841,89.1901,395.0577
2023-05-15,169.6911,301.6476,28.8937,125.7297,95.0465,58.0948,145.0783,49.0002,90.0336,396.4207
2023-05-16,169.6911,303.8701,29.1532,124.8836,92.7397,57.4406,144.8874,48.3227,88.2109,393.7716
2023-05-17,170.3025,306.7421,30.1162,128.7235,94.8203,57.377,144.5691,48.242,89.9464,398.5516
2023-05-18,172.6299,311.1576,31.6131,129.6997,95.6797,57.059,144.1054,48.8679,90.9062,402.3909
2023-05-19,172.7383,310.9817,31.2,129.4022,96.1229,57.0862,144.4964,48.3646,88.5696,401.8053
2023-05-22,171.7916,313.7561,31.1122,128.3329,94.956,55.8869,143.7176,47.9388,89.0253,401.9686
2023-05-23,169.1881,307.973,30.6252,126.9942,96.2496,55.787,143.6626,47.8484,87.0862,397.4573
2023-05-24,169.4642,306.5955,30.4755,125.832,97.3261,55.3145,143.5253,47.629,86.359,394.5779
2023-05-25,170.5983,318.3866,37.9022,126.1388,95.5802,54.8875,141.4639,47.1548,85.4573,397.9948
2023-05-26,173.0046,325.1954,38.8663,127.3196,94.956,54.7512,141.4089,47.2387,85.6027,403.1491
2023-05-30,174.8488,323.5543,40.0289,127.803,94.1147,54.3151,141.4272,47.1225,85.147,403.3027
2023-05-31,174.7994,320.7995,37.7565,126.176,92.4322,54.206,142.0594,47.3839,85.2828,401.0663
2023-06-01,177.6002,324.8925,39.6886,127.9146,93.4996,54.5149,141.583,47.5581,85.8936,404.8768
2023-06-02,178.4483,327.6474,39.2465,130.6016,95.6706,55.5689,143.8093,48.013,88.0072,410.7318
2023-06-05,177.0972,328.175,39.0908,129.3185,95.2455,55.1964,145.0461,48.3291,88.2302,409.9447
2023-06-06,176.7324,325.9672,38.5749,129.5509,96.0234,54.7966,144.9178,48.3227,89.3549,410.8374
2023-06-07,175.3616,315.9053,37.4021,130.8061,98.1764,54.7148,145.2293,48.3937,89.704,409.4169
2023-06-08,178.0735,317.7418,38.4351,130.8433,97.8688,54.8511,146.8234,49.0938,89.7137,411.8932
2023-06-09,178.4582,319.2365,38.6946,131.1036,97.1451,54.942,146.5944,49.3906,89.1319,412.6323
2023-06-12,181.249,324.1794,39.4052,131.0943,96.2677,54.7058,146.4936,49.7164,90.3051,416.3757
2023-06-13,180.7757,326.5631,40.9422,132.0427,96.2858,54.9238,147.2632,50.1036,90.9935,419.1207
2023-06-14,181.4068,329.5426,42.9134,131.5499,95.1279,55.2963,148.0144,50.6101,89.6361,419.6199
2023-06-15,183.4384,340.0539,42.5701,133.0375,95.7882,56.0562,150.0025,50.8876,90.1112,424.8222
2023-06-16,182.3634,334.4172,42.609,133.1956,95.1007,56.459,150.4606,50.1778,88.5405,423.3752
2023-06-20,182.4522,330.2361,43.7228,132.5168,92.9206,56.0837,150.369,49.7358,87.0183,421.1786
2023-06-21,181.4167,325.8499,42.9613,132.3216,93.9609,56.2393,150.1399,49.8326,85.9421,419.0205
2023-06-22,184.4147,331.8578,42.9413,129.7741,93.4453,56.6238,151.734,50.2488,85.7966,420.5331
2023-06-23,184.0991,327.2762,42.1269,129.0954,92.6312,56.0287,151.6058,50.1552,85.4185,417.3539
2023-06-26,182.7086,321.0046,40.553,129.4115,94.3409,56.047,149.9109,50.0229,86.0003,415.6487
2023-06-27,185.46,326.8366,41.7946,129.4208,94.5761,55.928,149.5994,49.8423,86.3493,420.2056
2023-06-28,186.6336,328.087,41.0371,128.8536,95.345,55.4062,149.297,50.1132,86.1263,420.4175
2023-06-29,186.9688,327.3055,40.7426,133.3536,96.521,54.9484,150.3415,49.7745,86.2426,422.0746
2023-06-30,191.2883,332.6686,42.2198,135.2224,97.0185,55.1315,151.6424,50.7101,86.5626,427.0553
2023-07-03,189.7991,330.1775,42.3305,136.3102,97.2085,55.4611,149.6543,51.0392,87.7455,427.5467
2023-07-05,188.6848,330.3339,42.2347,135.4022,96.7109,55.8731,149.1596,51.0102,87.0571,426.9108
2023-07-06,189.1581,333.3817,42.0211,134.0635,93.1016,55.4428,148.0511,50.6875,86.039,423.5678
2023-07-07,188.0438,329.4254,42.4204,135.1213,93.3187,54.7104,145.8981,49.5196,85.9421,422.4984
2023-07-10,186.0024,324.1599,42.098,135.8796,94.7027,54.2984,146.1363,49.9681,85.4185,423.5678
2023-07-11,185.4797,324.7851,42.3225,138.0046,95.8606,54.4907,145.3301,49.8939,86.7662,426.2653
2023-07-12,187.1464,329.4058,43.8166,138.688,96.331,54.7836,144.8262,50.0197,87.4061,429.695
2023-07-13,187.9057,334.7396,45.8876,139.362,94.567,55.2506,145.495,49.7261,87.7164,433.1055
2023-07-14,188.0536,337.26,45.3806,140.2045,91.3104,55.7541,146.4661,49.8971,85.9227,432.8357
2023-07-17,191.308,337.7386,46.3707,143.584,91.7085,55.6717,145.7332,49.9584,82.9558,434.3386
2023-07-18,191.0516,351.1806,47.4017,143.8461,91.2924,55.452,145.724,49.8681,83.334,437.566
2023-07-19,192.4027,346.8725,46.9855,144.3984,91.9256,56.4315,145.4308,49.8842,84.3908,438.5391
2023-07-20,190.4599,338.8523,45.4315,146.1771,93.5448,57.1182,154.2626,50.8069,83.586,435.6296
2023-07-21,189.2864,335.8239,44.2228,145.0537,93.979,57.164,155.9209,51.094,84.5265,435.6296
2023-07-24,190.0851,337.1329,44.5253,147.9089,95.4535,57.1823,156.7363,51.3941,83.9642,437.5757
2023-07-25,190.9431,342.8673,45.5902,146.8043,95.5983,56.99,157.9364,51.3521,83.0237,438.7702
2023-07-26,191.811,329.9627,45.3636,147.6842,95.0645,57.7224,158.2387,51.536,83.2467,438.8377
2023-07-27,190.5486,323.0756,45.8108,146.0554,95.3631,57.164,159.1274,51.3489,82.7619,435.9283
2023-07-28,193.1226,330.5488,46.6591,146.8885,94.2233,57.2006,159.8512,51.5909,83.5085,440.1961
2023-07-31,193.734,328.1555,46.6381,147.8715,97.0094,56.6971,153.4839,51.5747,86.1845,441.0342
2023-08-01,192.9056,328.5657,46.4166,147.1413,96.4486,56.5506,154.7298,51.3328,86.3202,439.7722
2023-08-02,189.9175,319.93,44.1829,145.4749,95.2455,56.7245,155.6644,51.3683,83.6733,433.6546
2023-08-03,188.527,319.1094,44.4284,146.3643,96.9009,56.4315,156.3331,51.3812,82.8879,432.4119
2023-08-04,179.4739,320.2035,44.5931,146.0554,97.1723,55.5801,154.8673,51.0844,83.6733,430.4561
2023-08-07,176.3773,322.4797,45.3287,146.7481,96.9733,56.0196,158.5869,51.778,84.1872,434.2133
2023-08-08,177.3142,318.5135,44.5772,145.9243,97.4527,55.7724,158.6602,51.8296,85.4476,432.3251
2023-08-09,175.7265,314.7818,42.4713,143.9678,99.1081,55.9006,158.5594,51.9135,84.8271,429.4349
2023-08-10,175.5095,315.4657,42.3056,143.7525,99.6147,55.7724,157.7349,51.8876,88.9671,429.5891
2023-08-11,175.5688,313.5901,40.7756,144.5856,101.1616,56.0013,159.274,52.1919,86.3105,429.3386
2023-08-14,177.2179,316.55,43.6679,144.8852,101.243,55.7358,158.8984,51.8034,86.1069,431.7085
2023-08-15,175.233,314.4204,43.8546,141.1968,98.6437,55.3604,158.4403,51.5379,84.4102,426.6796
2023-08-16,174.364,313.6568,43.4014,140.5977,96.9839,55.3696,157.9364,51.5638,83.7218,423.5486
2023-08-17,171.8261,310.2109,43.2597,139.1373,98.8626,55.4886,159.4206,50.408,83.3049,420.3212
2023-08-18,172.31,309.8193,43.2148,139.4556,100.3583,55.7999,158.028,51.1332,83.3437,420.5235
2023-08-21,173.6431,315.1057,46.8757,139.9331,99.1453,55.3238,153.319,50.9972,83.2661,423.2595
2023-08-22,175.0158,315.6734,45.5792,137.0311,98.589,54.9851,152.1005,50.8353,83.1788,422.1131
2023-08-23,178.8571,320.1179,47.0244,137.9578,97.7226,55.1773,150.7354,51.1883,83.2176,426.8145
2023-08-24,174.1764,313.2359,47.0713,137.8267,96.993,55.0308,151.2485,50.7965,79.9599,420.8992
2023-08-25,176.3785,316.1825,45.9285,137.6583,98.7258,55.2872,153.4171,51.0976,80.8228,423.8665
2023-08-28,177.9388,316.8874,46.7439,138.1357,99.5557,55.4428,151.6084,51.389,81.5984,426.5544
2023-08-29,181.8196,321.4982,48.6891,139.259,100.1485,55.3879,151.6268,51.8196,81.8311,432.7202
2023-08-30,185.3056,321.8702,49.1682,138.6974,101.1244,55.3604,151.0916,52.1919,81.7148,434.5024
2023-08-31,185.5228,320.8619,49.259,136.9843,101.4071,54.7745,149.1998,52.6485,81.133,433.8666
2023-09-01,187.0929,321.743,48.4147,137.4429,103.5321,54.2984,148.0925,52.3117,79.1551,434.6758
2023-09-05,187.33,326.5301,48.4536,135.9264,103.5412,53.8498,148.277,51.8908,78.7188,432.7972
2023-09-06,180.6248,325.8741,46.9734,135.7018,104.435,53.8132,145.8131,52.2794,78.5152,429.8877
2023-09-07,175.3416,322.9667,46.1549,134.5409,103.9243,53.4012,147.6772,52.9269,78.1177,428.5679
2023-09-08,175.9539,327.2349,45.4871,134.6439,105.4383,53.4012,148.1662,53.024,79.097,429.2134
2023-09-11,177.1191,330.8277,45.0939,135.2337,104.1158,53.9048,150.1042,53.2086,80.0083,432.0361
2023-09-12,174.0974,324.7875,44.7864,136.9936,107.1528,53.3738,150.9531,53.2669,81.133,429.6661
2023-09-13,172.0335,328.9872,45.4003,137.0591,106.1952,53.5019,151.3315,53.2798,80.9391,430.1671
2023-09-14,173.5444,331.5717,45.4961,139.7177,108.0922,53.9449,151.1008,53.5032,81.9087,433.8762
2023-09-15,172.8235,323.2701,43.8183,139.3058,106.4324,53.465,148.9876,53.3057,82.9752,428.6487
2023-09-18,175.7465,322.1345,43.8841,139.596,107.2896,53.7972,149.9288,52.9107,82.4323,428.9001
2023-09-19,176.8328,321.7332,43.439,139.4182,107.0069,53.6865,149.6797,52.8978,79.446,428.0106
2023-09-20,173.2975,314.019,42.1603,138.8284,106.1588,53.9264,150.3349,53.0694,80.0471,424.0758
2023-09-21,171.757,312.8051,40.9406,137.7425,104.663,53.0959,149.1814,52.4251,80.212,417.0665
2023-09-22,172.6062,310.3382,41.5325,136.4226,104.8272,53.1513,148.1109,52.5643,78.777,416.1287
2023-09-25,173.8801,310.857,42.1434,137.0965,106.0037,52.5976,147.8894,52.7974,78.5443,417.8786
2023-09-26,169.8116,305.5707,41.833,135.6736,106.1679,52.1639,146.7451,52.6129,77.6135,411.7394
2023-09-27,168.3007,306.207,42.3889,136.4694,109.6244,51.6287,144.9826,52.3603,77.4681,411.9038
2023-09-28,168.5575,307.0391,43.0088,138.1638,108.9586,51.4996,144.7703,52.6258,77.6911,414.2917
2023-09-29,169.071,309.1047,43.418,135.7579,107.2349,51.6564,143.7276,51.7808,78.5831,413.2863
2023-10-02,171.5792,315.0274,44.6986,134.5878,105.4565,51.195,143.1739,51.8358,79.1842,413.1219
2023-10-03,170.2461,306.7943,43.436,133.5954,105.6389,50.6414,143.3492,51.5088,77.1191,407.5919
2023-10-04,171.4904,312.2471,43.959,134.1945,101.6899,50.789,143.5153,52.1272,76.9058,410.56
2023-10-05,172.7247,312.6387,44.6048,134.7604,99.4007,48.3345,145.0103,51.5056,78.3504,410.4052
2023-10-06,175.2725,320.3725,45.6768,136.8351,97.7408,49.0358,145.4717,50.6411,80.4156,415.2779
2023-10-09,176.7538,322.8786,45.1887,136.5239,101.1609,48.7959,146.3022,50.4565,82.122,417.9367
2023-10-10,176.1612,321.4787,45.7127,137.3537,100.7322,49.857,146.1361,51.0264,82.4032,420.1119
2023-10-11,177.5536,325.4238,46.7188,137.8253,97.1207,49.5617,144.1244,51.2303,82.2674,421.8328
2023-10-12,178.4523,324.1903,46.8576,137.5046,97.1024,48.7313,144.2628,51.4635,81.7827,419.2611
2023-10-13,176.6155,320.8326,45.3763,139.5699,100.2033,48.8051,144.7426,51.7484,81.7827,417.1728
2023-10-16,176.4871,325.6392,46.0092,139.4284,100.2762,49.3034,145.3702,52.1952,83.1013,421.5621
2023-10-17,174.9367,325.0715,43.8562,139.1267,101.5895,49.8939,144.0413,52.2632,83.5763,421.5427
2023-10-18,173.6431,323.1624,42.1174,137.5989,103.0123,49.8755,140.9407,52.302,82.1026,415.9256
2023-10-19,173.2679,324.347,42.0226,137.0143,103.0761,50.1523,140.5623,52.0527,80.7161,412.2711
2023-10-20,170.7201,319.7949,41.3099,134.8075,101.3068,50.3553,141.1898,51.4019,80.1344,407.2052
2023-10-23,170.8386,322.389,42.895,132.9686,99.8202,49.9032,139.7041,52.1304,80.5707,406.4994
2023-10-24,171.2731,323.5736,43.5817,133.1289,98.8535,51.3427,139.5564,52.8557,80.0471,409.5641
2023-10-25,168.9623,333.5002,41.7012,132.4028,99.0359,51.7856,139.8702,52.697,78.1371,403.686
2023-10-26,164.8049,320.9892,40.2509,132.7423,98.133,51.4719,137.4986,52.3765,77.3518,398.8521
2023-10-27,166.1183,322.8688,40.4246,127.9611,96.2634,50.9736,134.3611,52.1822,76.9154,397.0442
2023-10-30,168.1625,330.2109,41.0844,129.5925,96.5643,51.8133,135.6807,52.7812,78.2244,401.7911
2023-10-31,168.6365,330.9941,40.7041,131.1391,96.537,52.127,136.8895,52.9075,79.1067,404.3145
2023-11-01,171.7965,338.7866,42.2462,131.0259,96.3454,52.0809,137.2125,53.3802,78.6025,408.6263
2023-11-02,175.3515,340.9893,43.425,133.3647,99.5101,52.6807,138.6429,53.5906,80.7549,416.4574
2023-11-03,174.443,345.375,44.9212,134.8547,98.2972,52.3577,139.658,53.3122,82.4807,420.2569
2023-11-06,176.9908,349.0264,45.6658,135.8732,96.5552,52.57,139.9902,53.3834,81.4627,421.2237
2023-11-07,179.5484,352.9422,45.8694,135.8072,95.0413,52.7637,139.2519,53.6327,82.0153,422.4225
2023-11-08,180.605,355.556,46.4873,136.4767,93.8739,52.6807,138.7444,53.1956,81.9281,422.7319
2023-11-09,180.131,353.0988,46.8626,136.0712,93.9012,52.2839,136.0406,53.0726,87.5903,419.4351
2023-11-10,184.3137,361.8899,48.245,138.0893,94.6217,52.3393,135.8837,53.8076,85.5833,425.9803
2023-11-13,182.7316,358.9628,48.5295,137.4763,95.6158,52.5331,136.2343,54.29,86.7177,425.5743
2023-11-14,185.342,362.4772,49.5635,139.9848,95.984,52.6899,136.2621,54.2803,88.2981,433.8308
2023-11-15,185.9057,362.6244,48.797,141.2108,95.4042,52.7914,137.314,54.9699,91.0711,434.7492
2023-11-16,187.5866,369.0005,49.3879,142.8234,94.2997,52.7361,138.5137,50.5213,91.6334,435.2809
2023-11-17,187.5669,362.8009,49.2062,144.1154,96.6006,52.8376,138.2276,50.2979,91.2844,435.8224
2023-11-20,189.3072,370.2463,50.3151,144.5586,96.1772,52.9668,139.4462,50.2817,92.1376,439.1772
2023-11-21,188.5062,365.9596,49.851,144.2568,96.1404,53.5481,140.5717,50.463,91.5752,438.22
2023-11-22,189.1687,370.6485,48.6253,144.5963,95.7263,53.908,140.2927,50.0777,92.1764,439.9118
2023-11-24,187.8437,370.2365,47.687,144.7943,96.2417,54.0464,141.8554,50.5278,93.1362,440.1826
2023-11-27,187.6658,371.394,48.1522,144.4643,95.6803,53.9449,140.7206,50.7576,92.2733,439.3899
2023-11-28,188.2689,375.406,47.7319,144.7943,95.625,54.0556,141.0461,51.3631,89.6846,439.8249
2023-11-29,187.2504,371.6294,48.0504,145.5299,94.1893,53.7326,141.4926,50.5342,89.6846,439.5155
2023-11-30,187.8239,371.6883,46.6829,147.1896,94.5574,54.3558,143.8646,50.408,89.8688,441.2461
2023-12-01,189.0995,367.3722,46.6779,147.9064,94.7875,54.5418,147.325,49.9709,89.7622,443.8564
2023-12-04,187.3098,362.1045,45.4253,148.9909,94.2721,54.4767,147.7901,49.9579,89.2095,441.5265
2023-12-05,191.2551,365.42,46.4834,148.972,92.4406,54.5604,147.4831,50.4209,88.0266,441.4394
2023-12-06,190.1674,361.7709,45.4223,147.4066,91.2165,54.5046,145.6878,49.8737,88.715,439.6605
2023-12-07,192.0956,363.88,46.5133,147.8592,90.5815,54.6349,144.553,49.5455,89.5392,443.0153
2023-12-08,193.5195,367.0975,47.4217,149.4907,91.6215,54.5139,143.6414,49.0256,90.2882,444.9199
2023-12-11,191.0178,364.2232,46.5443,150.0376,91.6859,54.9139,144.2367,49.149,89.6851,446.6505
2023-12-12,192.5307,367.2446,47.5724,151.3768,90.241,55.2673,144.246,49.188,88.5859,448.6904
2023-12-13,195.7443,367.2348,48.0027,151.886,91.0417,55.7417,144.9157,50.0622,90.2979,454.8779
2023-12-14,195.8926,358.9557,48.2642,154.6491,93.4898,54.9139,145.9203,49.4513,91.3776,456.3377
2023-12-15,195.3586,363.6642,48.8033,155.8185,92.864,54.5046,144.3297,49.6365,90.9107,455.5864
2023-12-18,193.6975,365.5476,49.9881,156.7615,93.5542,54.8953,144.5902,50.3612,90.3271,458.1491
2023-12-19,194.7357,366.146,49.516,158.8551,94.7875,54.7186,145.539,50.5432,91.3679,460.9351
2023-12-20,192.6493,363.5563,48.0256,157.0633,93.2045,53.5838,142.5716,49.9517,88.7804,454.5478
2023-12-21,192.501,366.4206,48.9031,157.9592,93.6279,53.9373,144.0321,50.306,89.51,458.8577
2023-12-22,191.4331,367.4408,48.7434,157.8649,93.7935,54.2442,144.6088,50.9072,88.5372,459.7799
2023-12-26,190.8893,367.5193,49.1916,158.7985,94.0052,54.4674,145.2413,50.8292,88.4692,461.7214
2023-12-27,190.9881,366.9406,49.3293,159.7509,93.5634,54.6069,145.4367,51.3069,87.9147,462.5562
2023-12-28,191.4133,368.1275,49.4341,160.5997,92.2105,54.6442,145.6506,51.2061,87.9342,462.7309
2023-12-29,190.3751,368.873,49.4341,160.4111,92.0172,54.8116,145.7995,51.2321,87.8272,461.3913
2024-01-02,183.5622,363.8015,48.0825,162.2783,94.2077,55.6394,148.804,51.7651,88.2357,458.8092
2024-01-03,182.1878,363.5366,47.4846,161.571,94.9992,55.7696,149.7342,51.7683,89.1501,455.0623
2024-01-04,179.8739,360.9273,47.9128,162.6432,94.1709,55.5836,149.4179,51.2679,88.0898,453.5964
2024-01-05,179.1521,360.741,49.0099,163.4592,94.4562,55.4999,149.883,50.9267,88.4205,454.2178
2024-01-08,183.4831,367.5487,52.1603,163.222,92.8824,55.9091,150.2551,51.4271,89.0528,460.7021
2024-01-09,183.0678,368.6278,53.0457,161.9316,91.7319,55.8068,150.3481,51.7716,87.2241,460.0032
2024-01-10,184.106,375.4747,54.2536,162.2732,90.83,55.9928,150.5714,52.415,86.8544,462.6047
2024-01-11,183.5127,377.2993,54.7247,161.59,90.8116,55.6301,149.9016,52.3565,87.0101,462.4008
2024-01-12,183.8391,381.0661,54.6129,160.4039,91.9896,56.1695,151.0551,52.4248,87.8855,462.7212
2024-01-16,181.5747,382.8318,56.282,159.3981,89.9096,55.7975,149.3156,52.5905,90.5119,461.0225
2024-01-17,180.6353,382.047,55.9535,158.5441,89.2562,55.7975,149.2319,52.3435,87.8758,458.4598
2024-01-18,186.5187,386.3631,57.0057,158.8573,89.0905,55.9556,149.9575,53.0487,89.6948,462.5368
2024-01-19,189.4159,391.0717,59.3854,161.5995,89.2285,55.6487,150.3946,52.7693,90.5216,468.3028
2024-01-22,191.7198,388.9528,59.5482,161.4097,89.1089,55.4068,151.1295,52.7725,92.4865,469.2929
2024-01-23,192.9954,391.2973,59.7668,160.347,90.1121,55.6673,148.6552,52.9058,91.2122,470.6617
2024-01-24,192.323,394.8875,61.2531,161.7798,91.6675,54.793,147.8645,52.1583,90.9496,471.1762
2024-01-25,191.9967,397.1535,61.5077,164.095,93.996,55.0255,148.4226,52.9187,92.2725,473.7388
2024-01-26,190.2663,396.2314,60.9227,163.4687,94.7967,55.2208,148.3668,53.3835,92.7589,473.137
2024-01-29,189.584,401.911,62.3542,163.8957,94.9164,55.5557,148.2366,53.6337,94.8308,476.8839
2024-01-30,185.9353,400.8026,62.6626,167.2547,96.4994,55.7138,147.6878,53.8124,94.2958,476.5151
2024-01-31,182.3361,390.0024,61.4178,165.4424,94.6218,55.3324,147.8087,53.7019,93.4301,468.7397
2024-02-01,184.7685,396.0843,62.9152,164.8446,94.2353,56.7183,147.3064,54.6963,94.4125,474.8746
2024-02-02,183.7698,403.3824,66.0426,165.7934,93.8487,56.3091,145.6785,55.1058,94.4806,479.8737
2024-02-05,185.5793,397.9186,69.209,165.5752,93.4622,55.844,144.9251,54.8101,94.0137,478.1264
2024-02-06,187.1812,397.7617,68.102,166.1445,94.1065,55.751,147.0273,55.1838,96.5817,479.5146
2024-02-07,187.29,406.1585,69.9746,166.4576,94.0788,55.7975,146.9529,55.0441,96.4358,483.514
2024-02-08,186.2122,406.2174,69.5174,165.8598,95.6895,55.6487,145.4832,55.0408,107.5248,483.7275
2024-02-09,186.9745,412.5346,72.005,166.0591,93.6647,55.3975,145.818,55.0116,105.4334,486.5232
2024-02-12,185.2914,407.3454,72.1198,166.7992,94.9532,55.5278,146.832,55.343,106.3089,486.3096
2024-02-13,183.2024,398.5759,72.0,165.3474,94.1357,55.2022,145.5483,54.9661,107.447,479.6116
2024-02-14,182.3212,402.4282,73.7689,167.0269,93.6713,55.1464,144.8693,54.7906,108.517,483.9702
2024-02-15,182.0341,399.5488,72.5291,170.6705,96.3558,55.2487,146.8971,55.0148,109.3827,487.3094
2024-02-16,180.4995,397.0919,72.4842,169.8735,96.3558,55.2394,146.7284,55.3625,108.5559,484.8827
2024-02-20,179.7569,395.8438,69.3288,170.5377,95.4455,56.4579,147.9562,57.1499,106.4548,482.2132
2024-02-21,180.5094,395.2443,67.3523,171.6478,97.3962,56.9601,148.7247,56.448,104.7331,482.6501
2024-02-22,182.539,404.551,78.3987,173.7069,97.3126,56.8764,150.3837,57.0037,104.7039,492.6387
2024-02-23,180.7074,403.2635,78.6772,174.5798,96.458,56.9229,151.6865,57.0524,104.8012,492.9785
2024-02-26,179.3609,400.5119,78.9517,173.982,96.8389,56.4672,150.7024,58.1053,104.7428,491.1729
2024-02-27,180.8163,400.4529,78.5614,174.0674,96.6345,56.123,150.8804,58.0956,106.4354,492.0854
2024-02-28,179.6183,400.6888,77.5252,174.9499,96.9039,56.1788,151.4147,58.1248,107.7777,491.435
2024-02-29,178.955,406.5067,78.9716,176.544,97.0897,55.8254,151.2554,57.1402,108.5364,493.2017
2024-03-01,177.8758,408.3346,82.133,175.8133,98.3158,55.3696,151.9489,57.2864,108.8964,497.832
2024-03-04,173.3611,407.7646,85.0858,177.1322,96.941,55.6301,149.812,57.8129,110.5889,497.2981
2024-03-05,168.4305,395.7062,85.8155,178.9066,98.13,55.3603,149.9338,58.5343,109.7913,492.3281
2024-03-06,167.4404,395.1559,88.5468,179.8365,99.1797,55.3882,149.3433,59.051,107.0579,494.8228
2024-03-07,167.3217,402.0844,92.5089,178.2614,99.7371,55.2859,148.9028,58.8463,107.1746,499.7346
2024-03-08,169.0345,399.2146,87.3768,178.5935,100.6753,55.3603,149.512,58.6123,107.3108,496.7351
2024-03-11,171.0344,397.544,85.6258,178.6599,101.2698,56.03,151.1147,59.1387,109.2465,496.308
2024-03-12,171.5096,408.1184,91.7542,180.1306,100.6195,56.2719,152.53,59.8699,109.3924,501.647
2024-03-13,169.4305,407.9415,90.731,181.5919,101.7435,56.8485,150.9929,59.7432,109.4314,500.8607
2024-03-14,171.282,417.887,87.7921,178.3562,103.5456,56.7219,149.2215,59.6923,109.0033,499.8705
2024-03-15,170.9057,409.2388,87.6853,180.5671,103.3598,56.1407,148.2561,59.3597,108.8964,496.4381
2024-03-18,171.9948,410.1232,88.3022,182.8064,104.3166,56.3751,146.9252,59.5358,110.7445,499.3885
2024-03-19,174.3314,414.1427,89.2436,183.8786,105.0504,56.4688,146.4097,59.5456,111.3865,502.1637
2024-03-20,176.8956,417.8969,90.2159,186.2887,104.9575,56.9563,145.9879,59.9173,113.2833,506.8083
2024-03-21,169.6681,421.9654,91.277,188.879,105.422,56.6938,145.9786,60.113,113.5168,508.4832
2024-03-22,170.5691,421.3463,94.1261,186.5638,105.422,56.7126,145.4912,59.5456,112.7094,507.5192
2024-03-25,169.1533,415.5677,94.8379,184.8559,106.4995,56.6282,145.4818,59.2521,116.1042,506.117
2024-03-26,168.0246,414.3786,92.4011,185.7194,105.7007,56.7595,145.9973,59.1934,116.6587,505.1823
2024-03-27,171.5889,414.1623,90.0941,189.3155,106.7968,57.2189,148.0499,59.3989,117.68,509.4276
2024-03-28,169.777,413.4646,90.1999,190.0556,107.9765,57.3595,148.2655,58.8608,119.0224,509.3303
2024-04-01,168.3414,417.2482,90.2069,188.7652,108.6732,56.8907,147.8812,58.6945,118.215,508.4443
2024-04-02,167.1633,414.1722,89.2975,188.6893,110.8004,56.3938,147.8343,57.8728,119.4699,505.2115
2024-04-03,167.9652,413.1993,88.8103,188.1579,110.819,56.0938,144.582,58.1369,115.7346,505.7665
2024-04-04,167.1435,410.6736,85.7566,186.7263,111.2091,55.5969,142.9324,58.2054,113.8961,499.593
2024-04-05,167.8959,418.1818,87.856,188.4442,112.7418,55.7938,142.8294,58.5478,115.151,504.8123
2024-04-08,166.7771,417.2679,86.9825,189.4273,111.9801,55.5688,142.0795,58.4793,114.1491,505.0946
2024-04-09,167.985,418.9288,85.2065,188.1579,112.5653,55.9907,142.7356,58.4891,114.7522,505.6788
2024-04-10,166.1138,415.9608,86.8886,186.5545,113.5128,55.2406,140.7768,59.301,113.9934,500.6154
2024-04-11,173.3017,420.5502,90.4595,186.5164,113.132,55.3625,139.4552,58.7826,113.9545,504.3935
2024-04-12,174.7967,414.6242,88.0337,174.4529,111.8129,54.6406,138.2649,58.8315,110.9002,497.4314
2024-04-15,170.975,406.5067,85.8524,174.5483,111.172,54.5093,138.3305,58.626,109.8691,491.1994
2024-04-16,167.6979,407.4305,87.264,172.5537,110.2523,54.4343,135.3875,58.538,110.7737,490.3036
2024-04-17,166.3316,404.7377,83.8898,171.8665,110.1966,54.8562,135.6874,58.3521,109.8593,487.4019
2024-04-18,165.3811,397.2983,84.5247,172.9831,110.0944,55.2312,136.5966,57.9706,109.3633,486.3989
2024-04-19,163.3614,392.2371,76.0684,177.3256,111.3577,56.4126,138.6304,58.2347,109.5383,482.1535
2024-04-22,164.193,394.0453,79.3806,180.771,111.9894,56.7688,139.7645,58.8315,108.9353,486.5937
2024-04-23,165.2425,400.5413,82.2806,183.3764,112.426,56.8532,140.1769,57.8043,110.6083,492.3679
2024-04-24,167.3415,402.0056,79.5394,184.2736,112.4445,57.7064,139.2115,58.5673,110.8126,492.1342
2024-04-25,168.2028,392.1585,82.4893,184.5503,112.7046,57.8845,137.6088,58.9,109.694,490.2647
2024-04-26,167.6187,399.3129,87.5834,184.6649,109.5742,57.8845,136.9715,58.851,109.6551,494.9094
2024-04-29,171.777,395.3131,87.6054,184.4644,111.1348,58.1658,137.6088,58.9293,109.0228,496.6621
2024-04-30,168.6385,382.6159,86.2527,182.9947,109.8622,57.9126,135.5187,58.0587,108.0695,488.7943
2024-05-01,167.6187,388.1292,82.8975,183.1092,107.7814,58.0627,141.6953,57.5695,107.4664,487.2072
2024-05-02,171.3117,390.9792,85.6688,182.9183,107.9765,58.1189,140.5143,58.4108,109.5481,491.7642
2024-05-03,181.5589,399.6471,88.6356,181.8208,107.7536,58.2877,139.9051,58.5184,110.5597,497.8598
2024-05-06,179.9055,406.4084,91.9808,183.2428,108.4502,58.4564,139.2584,58.5673,113.2931,503.0011
2024-05-07,180.5886,402.2808,90.3976,183.0042,107.9115,58.7096,139.3896,59.301,102.5153,503.5561
2024-05-08,180.9252,403.4601,90.2558,186.7263,107.8929,58.9252,139.6052,58.988,102.5639,503.6049
2024-05-09,182.737,405.2095,88.5937,188.492,110.0201,58.9533,140.4487,59.3296,102.9141,506.5065
2024-05-10,181.478,407.5878,89.7227,189.704,109.5742,59.3096,140.505,59.3689,102.9044,507.1589
2024-05-13,184.6802,406.5854,90.2428,189.6658,109.5278,59.6096,141.7328,59.3002,102.9433,507.2271
2024-05-14,185.8203,409.3763,91.1982,192.3191,110.1927,59.1596,141.8827,58.7603,102.4764,509.5544
2024-05-15,188.0907,416.5338,94.4665,192.8917,111.0448,59.1877,143.0918,58.7308,99.9668,515.8641
2024-05-16,188.2096,414.4761,94.196,193.2352,110.3799,59.3658,144.6008,62.834,100.5504,514.8027
2024-05-17,188.2394,413.7083,92.3192,195.4494,112.0375,59.094,144.9382,63.4623,100.4337,515.5427
2024-05-20,189.3993,418.7589,94.6163,186.6595,111.1291,58.6627,142.9257,63.0009,100.0932,516.1368
2024-05-21,190.6981,422.4017,95.2212,190.4198,110.3612,58.9814,142.8974,63.9531,100.2002,517.4026
2024-05-22,189.2605,423.8587,94.786,189.265,108.1418,59.0658,145.0327,64.0512,100.2099,515.9128
2024-05-23,185.2751,420.3932,103.6197,187.9384,106.297,58.2127,141.4423,63.6488,97.9143,512.1445
2024-05-24,188.3484,423.5043,106.2851,191.5555,106.2127,58.1283,138.8629,64.1788,98.9843,515.5331
2024-05-28,188.3583,423.6618,113.7042,190.4007,107.5612,57.9595,136.4158,63.8451,99.6458,515.8932
2024-05-29,188.6558,422.5296,114.6266,189.0741,106.4094,57.847,136.4725,63.7273,98.1283,512.2807
2024-05-30,189.6472,408.254,110.3091,190.2385,106.7465,58.1002,137.2661,63.6978,98.9259,508.8824
2024-05-31,190.5989,408.7069,109.4436,193.388,109.8087,59.0002,138.5794,64.5518,101.0757,513.5173
2024-06-03,192.3637,407.1218,114.8013,192.6149,107.1773,59.0002,139.5904,64.6107,99.9668,513.9362
2024-06-04,192.6809,409.6323,116.2359,190.0762,105.5104,59.9471,139.6471,65.3764,100.5115,514.5106
2024-06-05,194.1879,417.4494,122.2285,188.2629,105.9318,59.9284,137.918,65.8574,98.7314,520.6256
2024-06-06,192.8098,417.9516,120.789,187.9289,106.7278,60.144,138.3432,65.9163,98.4493,520.6159
2024-06-07,195.1991,417.292,120.6792,190.8302,105.5853,59.919,138.9668,64.6696,98.7703,519.9831
2024-06-10,191.4615,421.2497,121.5796,190.5057,105.8943,59.619,139.0141,65.7298,99.9376,521.5896
2024-06-11,205.371,425.9853,120.7111,185.4952,105.0422,59.5815,138.6645,65.5041,98.1186,522.8459
2024-06-12,211.2402,434.2357,124.994,182.7943,103.881,58.9533,137.3889,65.0918,98.0505,527.1399
2024-06-13,212.4001,434.7476,129.3967,184.8271,103.0475,59.0565,137.4267,65.4746,97.3598,528.2013
2024-06-14,210.6651,435.7223,131.663,184.9416,102.1766,59.099,137.5118,65.7887,97.2431,528.5228
2024-06-17,214.8092,441.4326,130.7645,186.0869,101.4743,59.1651,137.8991,66.1814,98.7508,532.7292
2024-06-18,212.4497,439.434,135.3569,188.0148,102.4295,59.1746,137.6157,66.3581,98.7314,534.0826
2024-06-20,207.8792,438.8039,130.5648,189.6086,104.6395,58.7494,139.6282,66.7605,99.0621,532.6318
2024-06-21,205.7081,442.8208,126.3617,187.3467,103.7217,59.3068,140.5447,66.6624,99.4804,531.9177
2024-06-24,206.3525,440.7434,117.9157,189.809,106.8027,60.4406,140.8943,67.6342,99.1983,530.1887
2024-06-25,207.2745,443.9727,125.8825,189.036,107.1023,60.3178,139.0708,66.1814,99.4123,532.2303
2024-06-26,211.4186,445.1639,126.192,188.4251,107.1398,60.5162,138.7212,67.0354,99.3929,532.8945
2024-06-27,212.2613,445.8433,123.786,190.0858,107.5987,60.3839,137.7575,66.6329,99.3831,533.7346
2024-06-28,208.8112,440.0345,123.3367,193.0349,107.8047,60.1383,138.0976,66.466,96.5817,531.6343
2024-07-01,214.8885,449.6632,124.0955,196.0793,107.6549,59.7887,138.3621,66.2403,95.3658,532.7286
2024-07-02,218.3783,452.1738,122.4681,199.3052,106.9244,59.6659,137.9747,66.8194,95.3171,536.3137
2024-07-03,219.6473,453.6407,128.0689,199.1716,107.4676,59.8359,137.6535,66.9863,95.9202,538.7069
2024-07-05,224.3962,460.3257,125.623,196.5325,106.1659,60.2422,138.3999,68.7532,95.3171,541.8134
2024-07-08,225.8635,459.0261,127.989,196.8972,105.0515,59.4863,137.4551,68.3998,95.151,542.4387
2024-07-09,226.7161,452.4297,131.1638,199.258,103.8903,59.2312,138.9385,68.6158,94.8383,542.9661
2024-07-10,230.9792,459.0359,134.688,199.4211,104.808,59.3635,141.1872,69.1164,94.7601,548.339
2024-07-11,225.6156,447.6646,127.1904,199.0852,106.0535,59.6186,141.4423,68.5176,94.3985,543.6108
2024-07-12,228.5601,446.5324,129.0273,196.6764,106.0723,60.1855,141.6124,67.9679,94.9165,547.0397
2024-07-15,232.387,446.9361,128.2286,201.5804,107.889,59.9115,141.0077,68.3311,94.6624,548.5441
2024-07-16,232.8034,442.5648,126.1521,205.0064,108.6662,60.7241,142.68,68.7041,96.2259,551.797
2024-07-17,226.9144,436.6576,117.7958,208.1254,110.1646,61.6122,147.9428,69.725,95.0924,544.0602
2024-07-18,222.2547,433.5564,120.8907,201.5132,111.2508,61.5933,146.8468,69.5189,94.5842,539.8792
2024-07-19,222.3836,430.3468,117.7359,201.3213,108.6943,61.6878,146.157,69.4502,93.5582,536.2941
2024-07-22,222.0366,436.0866,123.3367,201.8011,107.9452,61.1965,145.7318,69.087,91.9848,541.8232
2024-07-23,223.0776,437.967,122.3883,201.8491,106.2034,61.376,143.9461,69.352,88.8675,540.9733
2024-07-24,216.6632,422.2638,114.062,200.1792,107.7017,62.1791,147.6593,69.3029,87.7535,528.7136
2024-07-25,215.6222,411.9263,112.0952,200.256,109.9679,62.4248,150.834,68.7336,87.177,525.9587
2024-07-26,216.0882,418.69,112.874,203.6821,109.8743,63.3507,151.7788,68.498,87.8806,531.8493
2024-07-29,216.3658,420.1274,111.4064,202.3481,108.7224,63.1428,149.8136,68.341,90.0402,532.1619
2024-07-30,216.9209,416.3763,103.5593,206.5131,110.6609,63.9459,152.4308,67.9189,91.6526,529.4657
2024-07-31,220.1728,411.877,116.8274,204.2195,111.0542,63.0578,149.1427,67.379,91.5549,538.072
2024-08-01,216.4847,410.6562,109.0303,199.5747,109.5184,64.2105,151.8922,68.5078,90.9295,530.4524
2024-08-02,217.9718,402.1696,107.0935,191.1103,109.4529,65.5049,155.0858,67.2023,87.5288,520.5762
2024-08-05,207.4728,389.036,100.2847,187.0413,107.4769,64.3428,152.3552,66.3482,85.7796,505.4152
2024-08-06,205.4503,393.427,104.0785,192.2619,106.9057,64.2955,150.2009,66.4955,87.9196,510.0748
2024-08-07,208.0181,392.2652,98.7472,192.3195,108.3291,64.6829,150.1348,65.6807,84.001,506.6655
2024-08-08,211.4781,396.4593,104.7973,195.8319,110.3987,64.938,151.382,66.417,84.001,518.3781
2024-08-09,214.3829,399.7378,104.5776,197.5017,111.2977,64.8908,151.7599,66.7016,84.2453,520.6641
2024-08-12,215.9115,400.5156,108.8406,197.876,111.4381,64.4089,151.0607,67.4379,83.9913,520.9377
2024-08-13,219.6236,407.6042,115.9489,199.5555,110.3706,64.6829,149.6529,66.8783,83.6492,529.5048
2024-08-14,220.0703,410.4101,117.8857,201.7627,111.3913,64.7963,149.738,67.3986,84.3333,531.1753
2024-08-15,223.048,415.2627,122.6578,203.0199,112.0804,64.8624,150.3143,71.8355,86.7665,540.2798
2024-08-16,224.3681,412.7378,124.375,205.3423,111.5518,65.3632,150.5978,72.3061,87.2649,541.4911
2024-08-19,224.2093,415.7559,129.7861,206.7626,111.8916,65.1742,150.8245,72.5719,88.7503,546.6685
2024-08-20,224.8246,418.981,127.0406,205.8701,108.1629,65.5521,151.3253,73.3791,87.6949,545.7795
2024-08-21,224.7155,418.3301,128.2885,205.9469,107.4737,65.7317,152.5252,74.0682,88.6526,547.6551
2024-08-22,222.8594,409.8578,123.5364,207.8951,108.3045,65.5049,153.3945,74.4029,87.8708,543.3569
2024-08-23,225.1522,411.0808,129.1571,209.5073,109.8054,65.9395,155.0763,74.521,88.4962,549.1302
2024-08-26,225.4896,407.826,126.2519,210.3326,112.156,66.9316,155.5298,74.8459,89.6884,547.8212
2024-08-27,226.3333,408.1712,128.0889,211.3019,111.0892,67.5552,155.13,74.9444,88.8285,548.5734
2024-08-28,224.8048,404.9756,125.4033,212.3671,109.9942,67.7914,156.0534,74.8951,87.4506,545.3889
2024-08-29,228.0802,407.4611,117.3965,213.25,111.514,68.0748,156.3485,75.2298,87.7633,545.4376
2024-08-30,227.2961,411.426,119.1736,215.7356,111.3347,68.4717,157.9003,76.0272,88.3203,550.6443
2024-09-03,221.1125,403.8315,107.8223,211.4171,109.003,68.9819,159.138,75.9682,87.0988,539.3126
2024-09-04,219.2068,403.2988,106.0352,210.4862,107.672,68.5567,159.3284,76.0371,87.216,538.2087
2024-09-05,220.7254,402.7958,107.0336,208.8547,106.8318,67.2434,157.0721,75.7614,86.6297,536.8997
2024-09-06,219.177,396.1975,102.6608,203.8932,106.3315,67.215,156.4914,75.4464,85.9359,527.8637
2024-09-09,219.2663,400.1624,106.2948,208.0678,108.5688,67.8859,158.6143,76.1355,86.3268,533.7737
2024-09-10,218.4723,408.5263,107.9221,197.2714,104.6134,67.6024,159.3474,77.5826,86.3854,536.0987
2024-09-11,221.0033,417.2451,116.7176,198.8741,103.5751,67.1584,156.9103,77.6122,86.3073,541.5986
2024-09-12,221.1125,421.151,118.9541,198.2695,105.0005,67.3001,156.7389,78.4194,87.2649,546.1606
2024-09-13,220.8445,424.6918,118.9142,196.0815,104.925,67.9327,157.5767,79.3447,88.4864,549.013
2024-09-16,214.7105,425.4315,116.5978,199.4787,106.3976,68.5891,158.9761,79.3054,89.7568,549.8237
2024-09-17,215.177,429.1893,115.4097,200.8126,107.7853,68.3037,159.0523,77.3759,90.7438,550.0485
2024-09-18,219.0479,424.9087,113.1931,199.162,108.1629,68.2561,158.1764,77.7992,91.4474,548.4171
2024-09-19,227.1671,432.6808,117.6861,201.993,109.5033,67.1812,156.9103,76.8246,91.3203,557.7756
2024-09-20,226.5021,429.3076,115.819,202.5784,108.8142,68.1515,156.2819,77.8287,91.6135,556.8114
2024-09-23,224.785,427.5718,116.0786,202.9143,110.7872,68.2371,155.387,79.0789,90.8513,558.2028
2024-09-24,225.6783,423.2912,120.6814,203.0583,110.4945,67.8566,154.9682,79.4137,91.5549,559.7999
2024-09-25,224.6857,426.1909,123.3173,201.7147,108.3422,67.9707,152.8928,80.1323,91.7796,558.5654
2024-09-26,225.8271,425.4019,123.8465,201.3213,106.4826,67.9232,153.6449,78.6753,93.0305,560.7798
2024-09-27,226.0951,422.1569,121.2106,202.0122,109.3334,68.2942,153.6544,78.5375,93.822,559.9665
2024-09-30,231.2664,424.4057,121.2505,202.3577,110.655,68.3608,154.2827,79.4924,93.9979,562.2104
2024-10-01,224.5269,414.9274,116.8175,198.6917,113.2132,68.2181,154.2161,80.0043,91.9067,557.1739
2024-10-02,225.0926,411.4161,118.6646,198.9316,114.7142,67.5522,153.4354,79.1774,92.0044,557.4091
2024-10-03,223.9909,410.8342,122.6583,196.9547,115.7148,67.086,152.7976,79.1774,91.4962,556.39
2024-10-04,225.1125,410.3607,124.7251,203.9454,117.8388,66.7531,152.5976,79.6794,92.9816,561.4462
2024-10-07,220.0405,403.9301,127.5207,203.6654,118.3486,65.6496,151.8741,77.8681,90.2845,556.3704
2024-10-08,224.0901,409.0293,132.6827,203.4916,115.2051,65.8113,152.0264,78.4686,90.4018,561.6323
2024-10-09,227.8321,411.7416,132.4431,206.0696,115.2523,66.1823,152.9404,79.1479,91.4669,565.5225
2024-10-10,227.3358,410.1438,134.5997,205.5096,116.2434,65.8779,152.8071,78.3702,90.8708,564.5327
2024-10-11,225.8569,410.6172,134.5897,214.6341,116.6871,66.1823,153.7115,78.8525,91.9848,567.9133
2024-10-14,229.579,413.3986,137.8546,213.852,117.1308,66.9148,153.8448,79.0396,92.8057,572.5579
2024-10-15,232.11,413.004,131.3947,214.7307,113.6097,66.9148,156.2248,80.3784,92.0728,568.1093
2024-10-16,230.0554,410.42,135.5083,215.9376,113.9023,67.1336,156.3962,79.9551,94.5451,570.5784
2024-10-17,230.4227,411.0117,136.7164,216.6908,113.6097,66.4962,156.5771,79.6302,94.3399,570.6276
2024-10-18,233.2514,412.432,137.7847,217.608,113.2887,67.0099,157.1958,80.0437,95.0631,572.8224
2024-10-21,234.7205,413.0435,143.4858,215.3197,113.3548,66.0681,155.0158,79.5515,94.4181,571.8817
2024-10-22,234.1051,421.654,143.366,216.4011,113.9401,66.0681,155.606,80.7426,94.5354,571.578
2024-10-23,229.043,418.7838,139.3423,215.7155,113.5342,64.6983,157.9003,81.9732,94.0468,566.3553
2024-10-24,228.8545,418.912,140.1909,217.2315,112.8923,64.0228,155.8154,81.7467,93.2259,567.5802
2024-10-25,229.6882,422.2852,141.3192,214.6534,112.7979,63.6613,153.1593,81.225,92.8643,567.3841
2024-10-28,231.6634,420.7465,140.3008,217.7336,112.2409,63.4235,153.8448,81.4613,94.0077,569.1381
2024-10-29,231.9314,426.0331,141.0296,215.2231,110.7116,62.3676,152.4072,80.4276,93.9393,570.0592
2024-10-30,228.3879,426.6051,139.1226,216.6811,110.1547,62.71,152.9023,80.1224,92.9132,568.3347
2024-10-31,224.2291,400.7838,132.5529,214.2769,110.2396,62.1297,152.1883,80.6737,94.0077,557.1935
2024-11-01,221.2514,404.7487,135.1888,215.2617,108.5121,61.8443,152.4453,80.91,93.6266,559.5453
2024-11-04,220.3581,402.8648,135.8378,212.2106,111.9671,61.9395,150.646,81.1659,93.607,558.3399
2024-11-05,221.7874,405.8238,139.6917,213.8617,112.2976,62.1868,150.7507,82.3768,94.4279,565.0912
2024-11-06,221.0629,414.4243,145.3829,238.551,114.2233,60.5981,150.3033,82.1405,96.6364,579.1425
2024-11-07,225.7874,419.6024,148.6477,228.2388,114.3649,60.5601,149.2085,82.5441,96.6755,583.6206
2024-11-08,225.5191,416.752,147.3997,228.8181,114.3272,60.8074,148.009,83.5089,96.7634,586.1487
2024-11-11,222.8065,412.2841,145.0334,231.0486,113.723,60.2747,147.5996,82.8985,98.5615,586.7072
2024-11-12,222.8065,417.2353,148.0586,231.3093,113.6097,60.1225,145.3148,83.6664,98.6885,584.8846
2024-11-13,223.6908,419.3756,146.0418,232.8542,114.667,59.9322,145.886,84.1684,100.3791,585.1688
2024-11-14,226.7711,421.0425,146.5311,233.5397,114.7431,59.5041,144.5817,83.1545,106.6332,581.4061
2024-11-15,223.5716,409.3153,141.7585,236.8613,113.5534,58.7336,146.6095,82.9379,112.4574,573.9591
2024-11-18,226.5724,410.0648,139.9313,236.5909,114.5052,58.8477,147.3425,82.7706,110.9525,576.3108
2024-11-19,226.8307,412.0671,146.7807,234.7177,112.9062,59.5422,145.6575,85.2513,109.858,578.4175
2024-11-20,227.5462,409.7986,145.6624,232.4873,114.5147,59.9227,145.7622,85.8223,111.6561,578.6134
2024-11-21,227.0692,408.0296,146.4412,236.3302,116.047,60.6552,148.0375,87.0134,112.1056,581.7197
2024-11-22,228.4107,412.1112,141.7285,239.9897,115.9138,60.8074,147.7233,89.0315,113.0144,583.5226
2024-11-25,231.3916,413.8802,135.8078,241.6698,114.1816,61.245,148.3041,88.1061,113.3564,585.502
2024-11-26,233.5677,422.9723,136.7064,241.3608,112.2781,61.4067,148.2849,89.8879,112.819,588.5592
2024-11-27,233.4385,418.0309,135.1288,241.187,111.983,61.2926,149.1294,90.4491,114.92,586.7758
2024-11-29,235.8233,418.4954,138.0343,241.1194,112.2686,61.422,148.7551,91.0594,114.7929,590.4209
2024-12-02,238.069,425.9273,138.4137,237.7689,112.1639,61.0098,148.5536,91.1972,114.49,591.4791
2024-12-03,241.1095,426.1447,140.0412,236.3882,111.9926,60.8852,146.212,92.0537,113.7962,591.7535
2024-12-04,241.4672,432.2917,144.9135,235.017,108.7661,59.6296,144.3983,92.979,114.3239,595.428
2024-12-05,241.4971,437.4308,144.8437,237.0254,109.242,60.3101,143.4867,93.8158,113.8451,594.4482
2024-12-06,241.2983,438.3696,142.2276,238.8407,108.0904,59.9363,143.2851,94.2096,114.0698,595.5751
2024-12-09,245.1835,440.7909,138.603,235.4129,107.4527,60.0034,143.5634,92.3687,111.9981,592.508
2024-12-10,246.197,438.1324,134.8686,234.4957,107.2338,60.3005,143.2084,93.0775,112.1154,590.6658
2024-12-11,244.9252,443.7261,139.1022,235.1426,106.52,60.0417,140.7229,93.4811,111.9981,595.2322
2024-12-12,246.3858,444.2894,137.1352,233.2115,106.4248,61.1919,140.339,92.6246,112.2815,592.1651
2024-12-13,246.5548,442.0263,134.0498,231.6762,105.4921,60.5018,140.7036,92.9877,110.7571,592.0475
2024-12-16,249.4463,446.2957,131.8031,231.3286,103.2365,59.9554,138.0455,93.5994,110.0405,594.5756
2024-12-17,251.8708,449.132,130.1955,230.1507,102.7986,60.7702,140.5021,94.1421,110.9337,592.1259
2024-12-18,246.4753,432.2621,128.7178,222.4358,101.2854,60.243,138.9091,92.2971,109.2946,574.4784
2024-12-19,248.2042,431.9063,130.4851,224.9366,100.4193,59.8596,137.7863,92.1491,109.3142,574.302
2024-12-20,252.8744,431.4814,134.4991,229.4168,100.7619,59.9554,138.6404,91.0046,109.962,581.2
2024-12-23,253.6494,430.1472,139.4617,230.1796,101.1712,59.7925,139.4082,89.14,109.3437,584.6804
2024-12-24,256.5608,434.1794,140.0109,233.9646,101.2663,60.2334,139.9647,91.4388,110.4822,591.1791
2024-12-26,257.3755,432.9736,139.7213,234.766,101.352,59.9746,139.7056,91.5473,110.4724,591.2184
2024-12-27,253.9674,425.4825,136.8057,232.8639,101.3425,59.8596,139.197,90.4324,109.4909,584.9951
2024-12-30,250.5989,419.8493,137.2849,231.0776,100.6572,59.457,137.556,89.357,108.7547,578.3193
2024-12-31,248.8302,416.5584,134.0897,231.4541,102.3799,59.6775,138.7844,89.14,109.2946,576.2153
2025-01-02,242.3019,413.6726,138.1037,231.7341,102.1324,59.2749,138.2086,88.7947,108.7744,574.7996
2025-01-03,241.815,418.3867,144.2545,234.9012,102.6559,59.1886,138.3717,89.5642,109.1081,581.9864
2025-01-06,243.4446,422.834,149.2071,233.756,102.5417,58.2876,137.8631,90.2055,109.0001,585.3391
2025-01-07,240.6723,417.4182,139.931,236.0076,103.5029,58.3164,140.3294,89.5938,109.3338,578.7224
2025-01-08,241.1592,419.5826,139.901,235.9688,101.7708,59.1503,136.5292,90.5705,107.7339,579.5679
2025-01-10,235.3464,414.0383,135.7073,232.8048,101.3996,58.5368,136.3277,91.7545,106.6444,570.7193
2025-01-13,232.9119,412.299,133.0313,237.017,104.0169,59.0928,138.6404,90.3042,106.0849,571.6043
2025-01-14,231.799,410.7968,131.5635,240.1809,104.4261,59.4666,138.9091,89.5741,106.1242,572.3907
2025-01-15,236.3599,421.312,136.0368,244.9172,106.1298,59.2078,139.1202,90.1167,106.1831,582.8026
2025-01-16,226.8109,419.6023,133.3708,246.7807,105.9489,59.6679,141.8073,90.0772,104.4948,581.6816
2025-01-17,228.5199,424.0001,137.5046,251.5267,106.9007,60.1088,141.0971,90.7087,105.0445,587.5218
2025-01-21,221.2266,423.4763,140.62,255.2826,106.0917,59.8308,142.1719,91.8334,106.6935,592.8995
2025-01-22,222.409,440.9688,146.8507,255.0983,104.2453,59.2174,139.4082,91.9814,106.8015,596.2326
2025-01-23,222.2401,441.4728,147.0005,258.1166,104.8354,58.9778,140.7229,92.5536,108.9903,599.4869
2025-01-24,221.3657,438.8539,142.4073,257.0393,103.4173,59.3516,140.8956,93.4909,110.0896,597.7368
2025-01-27,228.4007,429.4653,118.2434,258.0196,104.8544,61.2207,146.7207,96.0956,111.2478,589.2816
2025-01-28,236.7474,441.9571,128.7977,259.2716,102.8272,59.7733,144.3119,95.987,110.07,594.345
2025-01-29,237.8404,437.1442,123.5155,258.728,103.4268,60.2238,145.0509,96.1942,111.1006,591.6805
2025-01-30,236.0816,410.1247,124.4641,260.3295,104.2834,61.3932,146.7015,97.3288,111.3362,594.8561
2025-01-31,234.5018,410.1939,119.8909,259.4269,101.6756,60.8469,146.0105,96.8454,110.973,591.6904
2025-02-03,226.5625,406.1025,116.486,258.9513,101.923,60.7223,145.7418,98.2069,111.8957,587.7086
2025-02-04,231.3221,407.5354,118.4731,260.048,104.6546,60.0705,147.2964,99.4204,111.2086,591.651
2025-02-05,230.9942,408.4447,124.6438,262.4647,104.5784,60.5018,148.448,101.0878,108.4995,594.0499
2025-02-06,231.7394,410.945,128.4881,268.7441,103.1984,60.7318,147.3156,101.4726,110.0209,596.1146
2025-02-07,226.1849,404.9462,129.6464,267.6765,103.6362,61.1919,146.9414,99.7953,108.8136,590.6581
2025-02-10,226.4535,407.3872,133.3708,263.0567,105.6158,61.8725,148.0162,101.5416,107.2628,594.6694
2025-02-11,231.3974,406.6163,132.602,266.8904,106.2821,64.796,149.83,101.0976,107.0076,595.1216
2025-02-12,235.625,404.2445,130.9444,267.3369,103.0844,65.8599,148.995,102.2224,107.2137,593.2044
2025-02-13,240.2605,405.7269,135.0882,268.1812,103.8334,66.6172,150.9047,103.6431,107.5671,599.4672
2025-02-14,243.3144,403.6416,138.6429,268.4432,103.939,66.0133,149.8491,102.6466,108.3425,599.4377
2025-02-18,243.1851,404.8374,139.1921,271.7043,105.7635,66.1858,149.9265,102.3901,107.5376,601.1976
2025-02-19,243.5829,409.9073,139.0224,271.0249,105.9172,67.1635,152.7318,102.6071,109.2946,602.6133
2025-02-20,244.5379,412.076,139.901,258.9416,107.5496,67.1348,154.4633,95.9081,108.5093,600.1063
2025-02-21,244.2594,404.2331,134.2295,256.457,106.2917,68.3904,156.9977,93.5106,106.6542,589.842
2025-02-24,245.8013,400.0641,130.0857,253.6424,106.8486,67.6619,158.3906,92.4155,109.1473,587.158
2025-02-25,245.7415,394.0236,126.4412,249.8185,105.3698,68.5246,160.6638,96.3817,108.4897,584.2379
2025-02-26,239.0967,395.8358,131.0842,251.1675,105.1105,67.8633,157.7522,94.9116,109.7657,584.5329
2025-02-27,236.0527,388.7059,119.9708,251.4199,105.7731,67.9304,158.381,95.4937,109.2553,575.2026
2025-02-28,240.5689,393.1224,124.7337,256.8549,106.9062,68.2562,159.6288,97.2893,111.6993,584.179
2025-03-03,236.7789,384.7052,113.8899,252.9436,103.4781,69.3202,161.815,96.283,110.708,573.9441
2025-03-04,234.69,384.824,115.817,242.8791,103.2668,67.2785,160.0158,93.6981,106.9978,567.1505
2025-03-05,234.501,397.1132,117.1251,244.1214,101.2503,67.1731,159.7255,94.6946,107.2922,573.246
2025-03-06,234.0931,393.0234,110.4051,239.2784,103.3437,67.5373,160.4124,93.3725,103.4838,563.0703
2025-03-07,237.8135,389.4783,112.522,235.1438,104.688,68.4671,161.2443,90.4916,103.5624,566.2263
2025-03-10,226.2844,376.4564,106.8205,225.3801,107.3576,68.4863,162.2213,86.6439,101.1772,551.1445
2025-03-11,219.6793,376.7436,108.5978,222.3909,104.8225,68.0933,160.4414,86.2689,96.0928,546.5629
2025-03-12,215.8396,379.5361,115.578,221.1874,104.7936,67.0389,157.5297,84.0589,96.937,549.4633
2025-03-13,208.5779,375.0799,115.4183,218.5572,104.3519,66.7322,157.6652,83.3683,95.0819,542.1387
2025-03-14,212.3679,384.7746,121.4997,225.5936,107.4536,66.7805,157.491,84.2069,96.8192,553.337
2025-03-17,212.8752,384.9132,119.3627,227.0397,109.2397,67.7074,157.52,86.2887,97.5259,557.6039
2025-03-18,211.5721,379.7836,115.2685,228.0491,109.1244,66.9929,158.884,84.4437,97.5161,551.577
2025-03-19,214.1087,384.0418,117.3555,232.0672,110.8241,66.8963,157.6652,85.1738,98.4387,557.5842
2025-03-20,212.9747,383.0714,118.3641,231.9701,111.2946,67.3115,157.6942,84.6608,97.0351,555.9719
2025-03-21,217.1228,387.4483,117.5353,234.513,110.9105,66.3073,158.2842,85.0614,97.6241,556.1553
2025-03-24,219.5698,389.2505,121.2401,240.7536,111.1986,66.5777,157.9553,86.5553,98.3308,566.1152
2025-03-25,222.574,391.3102,120.5211,243.7332,111.9572,66.4425,155.7595,83.8545,99.7344,567.476
2025-03-26,220.3656,386.1708,113.6008,243.6361,113.5704,67.6109,156.4366,84.2997,98.9197,560.7014
2025-03-27,222.6735,386.7748,111.2741,240.8118,113.2056,68.3061,157.8006,84.7152,98.5958,559.2123
2025-03-28,216.7547,375.1096,109.5165,235.697,113.0519,67.9488,158.3616,84.2403,96.2597,547.9506
2025-03-31,220.9625,371.7329,108.2283,238.0749,114.2042,69.1558,160.422,86.8521,96.8781,551.629
2025-04-01,222.0169,378.4666,109.9958,236.4832,114.3099,69.3972,148.2433,87.881,95.8769,553.187
2025-04-02,222.7132,378.4171,110.2655,238.5796,113.9546,68.8758,150.2844,88.8011,96.0732,556.6877
2025-04-03,202.122,369.475,101.6575,221.9541,107.9625,70.6622,154.5987,86.3278,87.2001,529.2537
2025-04-04,187.3899,356.3344,94.178,205.3434,100.194,67.524,148.2337,82.3012,81.9881,498.2697
2025-04-07,180.5063,354.3737,97.5034,209.4058,98.8496,66.0176,145.6993,82.9344,81.7624,497.3822
2025-04-08,171.5138,351.1058,96.1652,211.7787,96.7658,66.0659,145.0995,80.9162,80.2115,489.5918
2025-04-09,197.8049,386.6858,114.17,228.8386,101.596,67.5433,146.0378,88.6428,89.7521,541.0084
2025-04-10,189.4191,377.6348,107.4195,221.7783,95.9592,68.3254,143.8323,89.642,83.6567,517.3019
2025-04-11,197.1085,384.6656,110.7748,230.6549,99.0416,68.9724,146.773,91.8086,83.323,526.532
2025-04-14,201.4556,384.0319,110.5551,229.2097,99.2817,69.9573,149.3171,93.718,83.0973,531.6402
2025-04-15,201.0775,381.9721,112.043,227.657,99.0033,69.3876,148.6013,92.9661,83.4408,530.1511
2025-04-16,193.2489,367.9897,104.3438,224.2196,100.0499,69.2138,148.8818,90.2158,81.2421,518.3669
2025-04-17,195.9447,364.197,101.348,226.5145,102.6714,70.4883,152.3255,92.2241,83.2445,519.1064
2025-04-21,192.1447,355.6214,96.7744,223.6142,101.1638,70.2663,151.7935,91.4227,82.4494,506.7504
2025-04-22,198.6902,363.2463,98.7516,230.0592,103.9966,71.3574,152.5963,93.8367,84.5008,519.9349
2025-04-23,203.5246,370.7426,102.5663,235.2251,103.1036,70.778,150.3038,93.9455,85.6787,527.9915
2025-04-24,207.2748,383.5268,106.2811,238.8968,104.3135,70.0249,149.8685,94.8161,88.3485,539.1052
2025-04-25,208.18,388.0325,110.8547,237.8324,104.2559,69.4359,149.5299,94.0741,88.6135,543.0003
2025-04-28,209.0355,387.3492,108.5778,237.5101,104.3135,69.32,150.2747,94.2027,88.4957,543.2074
2025-04-29,210.0999,390.2012,108.8674,238.8773,104.0542,69.8607,150.8164,95.014,89.4871,546.6293
2025-04-30,211.3831,391.4093,108.7676,238.8773,101.4327,70.0538,151.2034,96.211,89.2711,546.8462
2025-05-01,212.1988,421.2556,111.4538,241.094,101.5768,68.8372,149.4138,96.3693,89.1337,550.7216
2025-05-02,204.2707,431.0394,114.3398,246.582,101.9897,69.1848,151.0196,97.695,90.7827,558.8967
2025-05-05,197.8446,431.9208,113.6607,246.6308,99.1665,69.2331,149.9362,98.2688,90.4097,555.6918
2025-05-06,197.4666,429.0886,113.3811,243.3986,100.5493,69.2524,149.4235,97.4972,90.4686,551.0472
2025-05-07,195.2185,429.1282,116.8962,243.5353,100.4532,69.909,152.161,97.7742,100.2055,553.3646
2025-05-08,196.452,433.9013,117.2057,247.5195,101.8552,68.7213,150.5746,96.3891,103.1796,557.2203
2025-05-09,197.4865,434.4558,116.4868,247.1386,103.046,68.0937,149.1817,95.918,103.9844,556.5103
2025-05-12,209.957,444.8832,122.8279,253.945,104.8225,67.1377,149.1043,95.9478,108.4504,574.9016
2025-05-13,212.0886,444.7644,129.7482,256.8355,105.1105,66.5873,143.5905,95.085,109.324,578.6981
2025-05-14,211.491,448.5273,135.1506,259.4038,104.1695,66.7805,141.5784,96.0271,110.8552,579.4377
2025-05-15,210.6145,449.5393,134.6413,261.2104,105.2258,69.1462,144.7223,95.5511,110.1485,582.2679
2025-05-16,210.4252,450.6702,135.2105,261.2787,104.8479,69.5228,146.3861,97.4254,111.3264,585.9561
2025-05-19,207.955,455.2338,135.3803,258.6617,103.181,69.4552,147.5082,97.3064,110.5804,586.5969
2025-05-20,206.0426,454.5394,134.1919,259.4428,101.7079,69.2234,148.64,96.9891,110.2859,584.6246
2025-05-21,201.2914,448.9837,131.6156,254.9118,100.4578,69.3779,148.1756,95.6305,108.421,574.7734
2025-05-22,200.5643,451.2556,132.6441,254.5505,99.7891,68.6924,147.6243,95.1346,109.0786,575.0002
2025-05-23,194.4984,446.6126,131.1062,254.5895,99.8472,69.3007,147.9435,95.5412,107.6947,571.0753
2025-05-27,199.4189,457.0394,135.3104,259.062,100.3221,69.3103,149.5142,96.7709,110.2859,582.9484
2025-05-28,199.628,453.7357,134.6213,257.3043,98.9557,68.702,148.7142,96.4337,109.4614,579.5757
2025-05-29,199.1599,455.0453,138.9952,258.1636,99.5178,69.0303,149.8362,96.2949,109.9522,581.8636
2025-05-30,200.0563,456.7119,134.9409,257.8023,99.1398,69.6193,151.4265,97.9015,110.9534,581.2127
2025-06-02,200.903,458.3092,137.1878,258.4468,99.8666,69.5228,151.6118,98.9428,110.865,584.4868
2025-06-03,202.4668,459.3013,141.0224,260.019,100.5935,68.7117,150.6557,99.151,111.503,587.8198
2025-06-04,202.0186,460.1942,141.7214,258.0171,99.1398,68.9144,149.4849,98.5262,111.3951,587.6619
2025-06-05,199.8372,463.974,139.7941,255.8004,98.6843,68.4703,149.9142,97.1478,110.4528,584.822
2025-06-06,203.1142,466.6526,141.5217,259.4917,101.0489,68.8951,151.2508,96.6618,111.7975,590.8275
2025-06-09,200.6539,469.0038,142.4304,260.4779,101.7273,69.3007,151.446,96.642,113.525,591.3599
2025-06-10,201.8692,467.1883,143.7585,262.2943,103.9078,69.8607,152.6362,96.5131,116.5383,594.7128
2025-06-11,197.9945,468.8748,142.64,261.8549,105.9333,69.5903,151.4752,95.0057,117.3138,593.0167
2025-06-12,198.4129,475.0753,144.8071,261.9427,106.3403,69.7545,152.8411,94.0437,116.4206,595.3735
2025-06-13,195.6737,471.1963,141.7812,258.73,108.6564,69.064,153.2704,93.657,115.7629,588.7172
2025-06-16,197.6359,475.3432,144.4975,264.013,109.0053,68.5778,151.4362,93.5082,117.2745,594.3184
2025-06-17,194.8669,474.2519,143.9283,263.1927,110.4784,67.7026,148.6654,93.4685,115.9494,589.2398
2025-06-18,195.8032,476.4344,145.2865,267.5285,109.6934,67.3039,147.0556,94.3016,115.6844,589.1511
2025-06-20,200.2057,473.6169,143.6587,268.5441,111.1567,66.9441,146.1386,95.323,115.4586,587.7674
2025-06-23,200.7038,482.1488,143.9782,271.7372,108.2882,67.8193,147.6313,97.0585,115.5764,593.5731
2025-06-24,199.5085,486.2262,147.7032,274.6571,104.9932,68.2764,148.4801,97.1874,116.9565,600.1304
2025-06-25,200.7635,488.3691,154.1048,277.3914,105.0223,67.7123,148.5679,96.4536,117.7155,600.4667
2025-06-26,200.2057,493.5081,154.8138,281.9713,106.5922,67.5567,148.3044,95.2238,119.7263,605.1646
2025-06-27,200.2854,492.01,157.5402,280.3697,106.0011,68.3931,148.6947,96.4635,120.5938,608.1713
2025-06-30,204.3593,493.4684,157.7799,283.104,104.4699,68.8015,149.0264,96.9693,122.2399,611.0791
2025-07-01,206.9988,488.1508,153.0961,283.5923,105.8654,69.6962,152.1191,97.4254,121.7274,610.8813
2025-07-02,211.6005,487.1985,157.0408,285.1449,107.6195,68.9571,151.7679,96.8007,121.2246,613.6506
2025-07-03,212.7061,494.8871,159.1281,290.4436,108.734,69.385,152.2069,97.5444,122.2301,618.487
2025-07-07,209.1204,493.7759,158.0295,286.4892,107.6776,69.0543,151.485,98.5262,121.4021,613.8781
2025-07-08,209.1801,492.6847,159.7872,277.4718,110.6625,68.3055,151.9923,96.285,120.0812,613.5418
2025-07-09,210.3057,499.5201,162.6633,277.8446,110.2846,67.5665,152.4704,96.0073,118.8885,617.221
2025-07-10,211.5707,497.5061,163.8817,282.7802,111.3796,67.8485,153.846,94.0735,119.8249,618.9617
2025-07-11,210.3256,499.3316,164.7006,281.4752,111.8642,67.9457,153.0752,93.6173,118.159,616.7858
2025-07-14,207.7956,499.0339,163.8518,283.2806,110.4008,67.5567,152.9972,94.9858,118.2576,617.9628
2025-07-15,208.2837,501.8118,170.4729,281.171,109.4221,67.4498,151.3874,94.5991,117.2817,615.3221
2025-07-16,209.3295,501.6133,171.1421,280.4547,108.763,67.3622,160.7632,94.3611,118.1097,617.3793
2025-07-17,209.1901,507.6451,172.7699,284.4581,108.2107,68.6459,159.007,94.3016,120.4656,621.1573
2025-07-18,210.3455,506.0082,172.1807,285.8024,104.4408,67.9263,159.7095,94.2619,119.6869,620.7025
2025-07-21,211.6404,506.0182,171.1521,285.508,104.7122,68.1402,160.3534,94.8768,119.1152,621.8794
2025-07-22,213.5528,501.2661,166.8078,285.9594,105.187,67.7415,163.8364,95.0553,119.332,621.9684
2025-07-23,213.3038,501.8613,170.5528,291.1893,106.5341,67.2553,164.9778,94.8867,121.1852,627.2598
2025-07-24,212.9153,506.8317,173.5089,290.9832,107.3675,67.1969,165.4266,95.799,120.2093,627.4674
2025-07-25,213.0349,509.6393,173.2692,293.0144,106.9896,67.265,164.1974,96.6618,119.7362,630.1181
2025-07-28,213.2042,508.4388,176.5149,292.6808,107.9974,66.2147,162.1681,96.8007,118.6519,629.9598
2025-07-29,210.4352,508.5083,175.2766,291.4641,109.393,67.4692,164.012,97.5147,118.1985,628.2983
2025-07-30,208.2239,509.173,179.0316,294.0055,108.4433,66.8566,163.1827,96.7808,117.8337,627.507
2025-07-31,206.7498,529.2724,177.6334,290.6791,108.1913,66.0203,160.7241,97.1676,117.4099,625.1531
2025-08-01,201.5803,519.9568,173.4889,283.938,106.2531,66.9635,163.251,97.6734,114.9258,614.9066
2025-08-04,202.5465,531.3954,179.7606,288.7363,104.0532,67.0608,166.8705,98.7643,117.6465,624.2531
2025-08-05,202.1182,523.5679,178.0229,285.9005,103.9272,67.1483,166.5779,98.4866,116.6312,621.0881
2025-08-06,212.4073,520.7802,179.1814,285.8809,103.2197,67.5956,166.4315,102.503,113.5261,625.8455
2025-08-07,219.1605,516.7128,180.5296,281.5536,102.677,68.4903,167.3486,102.265,111.2688,625.3212
2025-08-08,228.4437,517.9032,182.457,283.3395,103.5008,68.4028,169.1047,102.8699,110.8252,630.1972
2025-08-11,226.5391,517.6353,181.8178,284.1245,102.5608,68.8015,169.5828,103.0683,110.9435,628.951
2025-08-12,229.0021,525.0461,182.9164,287.3528,102.8515,68.7626,168.5681,102.7608,112.0968,635.6469
2025-08-13,232.6718,516.4548,181.3484,285.0763,104.2761,68.5195,170.1682,100.1526,114.9751,637.8228
2025-08-14,232.1233,518.3397,181.7779,288.6382,104.0629,67.6345,170.4608,100.0138,114.6498,637.8821
2025-08-15,230.9366,516.048,180.21,285.037,104.1607,67.9943,172.334,99.4025,113.743,636.3887
2025-08-18,230.2386,513.0024,181.7679,286.0575,104.3857,67.2261,171.9536,100.0983,114.8864,636.2501
2025-08-19,229.9096,505.7304,175.4064,285.2039,105.0703,68.1986,173.4658,100.6848,114.6104,632.7984
2025-08-20,225.3724,501.7126,175.1667,286.7542,106.1561,68.7529,174.4804,101.9571,115.3694,631.1169
2025-08-21,224.2655,501.0666,174.7472,285.9987,106.8408,68.714,174.5682,97.3747,114.5513,628.5851
2025-08-22,227.1174,504.0378,177.7533,290.6791,108.8459,68.1986,174.9194,96.2514,117.1635,638.2382
2025-08-25,226.5191,501.0865,179.5708,289.3642,109.2958,67.0316,174.0609,95.496,116.0299,635.4293
2025-08-26,228.6631,498.8805,181.5282,292.9654,109.0513,66.8371,173.4516,95.4761,115.9707,638.0898
2025-08-27,229.8398,503.5509,181.3584,293.662,110.2838,66.9344,173.7464,95.5059,116.4044,639.5437
2025-08-28,231.9039,506.4327,179.9304,295.4184,110.8706,66.4773,172.4295,95.5357,115.9609,641.8086
2025-08-29,231.4851,503.5012,173.9483,295.7619,111.7901,67.09,174.1199,96.4005,116.6903,637.981
2025-09-02,229.0719,501.9411,170.5528,294.0741,112.1813,67.158,174.9945,97.2653,116.5819,633.2534
2025-09-03,237.7973,502.1696,170.3931,293.8877,109.4621,67.09,174.9356,98.8458,115.7046,636.6854
2025-09-04,239.1035,504.7732,171.4317,298.1169,109.9414,66.3703,175.6825,100.3269,117.1142,642.0064
2025-09-05,239.0138,491.8848,166.7979,288.854,106.8408,66.0883,175.3582,99.9094,116.227,640.1469
2025-09-08,237.2089,495.0646,168.0861,287.4116,107.4472,65.5729,175.0633,101.6688,117.1437,641.7196
2025-09-09,233.6889,495.2733,170.5329,292.2589,108.2297,65.9911,173.9135,101.6788,115.6947,643.2031
2025-09-10,226.1502,497.221,177.0941,294.8984,110.0392,65.9522,172.7636,99.81,114.1373,645.0625
2025-09-11,229.3811,497.857,176.9443,299.8241,109.6871,65.7577,175.427,102.0366,115.4089,650.4232
2025-09-12,233.4097,506.691,177.5935,301.1488,109.7067,65.1645,174.9945,102.8716,114.3048,650.2054
2025-09-15,236.0322,512.1166,177.5236,303.1014,109.8925,64.8803,174.3459,103.0704,113.9697,653.6672
2025-09-16,237.4781,505.8364,174.6572,303.386,112.1715,64.9097,173.4221,102.802,113.5853,652.7671
2025-09-17,238.3158,506.8102,170.0731,305.8979,112.7682,65.6936,174.1494,103.647,114.4428,651.9561
2025-09-18,237.2089,505.2502,176.0155,307.3502,111.4379,65.1253,171.1617,102.981,113.2205,655.0024
2025-09-19,244.8074,514.6705,176.4449,308.8711,110.3522,65.0959,173.1567,101.7186,112.1362,658.2465
2025-09-22,255.3576,511.2124,183.3761,306.575,109.5697,64.8803,171.2108,102.2056,110.9534,661.3607
2025-09-23,253.7122,506.0253,178.2027,306.8694,111.4575,65.3703,173.54,101.9074,110.6478,657.7606
2025-09-24,251.5982,506.9394,176.7446,307.5366,112.0542,65.1155,173.6481,102.1162,111.811,655.6678
2025-09-25,256.1453,503.8391,177.4637,307.5661,113.0616,64.6549,174.6702,102.4343,111.3772,652.6429
2025-09-26,254.7393,508.2411,177.963,310.127,114.656,64.3512,176.6161,102.5436,111.8504,656.382
2025-09-29,253.7122,511.3614,181.6184,309.764,111.7216,64.7137,178.4933,102.4641,113.1417,658.2267
2025-09-30,253.9117,514.6904,186.3423,309.5089,110.2838,64.9881,182.2278,102.4442,112.8657,660.7061
2025-10-01,254.7293,516.4393,187.0015,304.8775,109.5404,65.4389,182.847,101.3508,111.3378,662.9575
2025-10-02,256.4046,512.4942,188.6494,301.7768,108.8557,64.7725,182.7782,101.0923,110.5394,663.7211
2025-10-03,257.2921,514.0941,187.381,304.2103,110.7826,65.3115,185.3924,101.4601,110.8647,663.7112
2025-10-06,255.9658,525.2435,185.3036,304.8511,111.702,64.7725,184.9207,102.0863,111.1407,666.0915
2025-10-07,255.7565,520.6824,184.8043,303.382,111.7607,65.4487,185.6381,102.6231,110.9238,663.6219
2025-10-08,257.332,521.5469,188.8691,299.7733,111.526,64.7921,186.4243,102.2852,110.2929,667.5792
2025-10-09,253.3233,519.1124,192.3247,301.2522,110.4403,65.0371,187.7904,101.1619,109.4058,665.6452
2025-10-10,244.5781,507.7443,182.9267,296.6772,108.3079,65.6936,187.4366,101.2315,107.6315,647.6542
2025-10-13,246.9613,510.8149,188.0801,303.6581,109.7849,65.4585,187.6135,101.5098,108.6961,657.5919
2025-10-14,247.071,510.3379,179.8007,297.8505,109.8338,66.1542,187.5644,106.5694,109.5832,656.7886
2025-10-15,248.6366,510.1988,179.6009,301.41,109.1687,65.7328,187.8789,108.3785,110.1155,659.7044
2025-10-16,246.7519,508.3902,181.5784,294.3601,108.2199,66.2326,188.8125,105.8338,108.3116,655.2117
2025-10-17,251.5782,510.3479,182.9866,293.3938,109.7849,67.0655,189.8936,107.0863,109.0903,658.9308
2025-10-20,261.5002,513.5376,182.4073,298.1266,110.2348,67.0655,190.3849,106.4103,110.3619,665.7841
2025-10-21,262.0287,514.4022,180.9292,292.9304,110.2446,69.7897,188.5766,105.5853,112.6685,665.7741
2025-10-22,257.7209,517.264,180.0504,289.9921,112.2009,69.3879,189.6184,106.4998,111.466,662.3128
2025-10-23,258.8477,517.2839,181.928,290.4161,113.4431,68.5354,189.1565,106.2215,111.4167,666.2403
2025-10-24,262.0786,520.3147,186.0227,296.2335,112.866,68.31,187.1221,105.5356,110.0859,671.6852
2025-10-27,268.0516,528.175,191.2461,299.8915,113.404,68.653,187.0238,103.8458,110.7365,679.6095
2025-10-28,268.2411,538.6585,200.7739,301.0846,112.5139,68.751,183.7118,102.5535,110.0564,681.4146
2025-10-29,268.9391,538.1418,206.7763,301.2325,113.9028,66.9773,183.3875,101.8478,108.6665,681.7419
2025-10-30,270.6343,522.4512,202.6316,305.1075,112.1813,67.5947,185.7953,101.6192,110.2437,674.244
2025-10-31,269.6072,514.5512,202.2321,306.7639,111.8585,67.5163,185.6184,100.5754,111.0125,676.4556
2025-11-03,268.291,513.7761,206.6165,305.0188,111.2717,66.605,183.0534,100.983,110.5197,677.7252
2025-11-04,269.2782,511.0932,198.4369,304.9202,111.6433,67.2811,183.6431,101.6589,109.8789,669.6917
2025-11-05,269.3779,503.9682,194.9613,307.3161,111.1934,67.1341,182.7979,100.8637,109.7705,672.0125
2025-11-06,269.0089,493.9716,187.8404,309.0318,111.9955,67.6731,183.7512,101.0724,108.9129,664.8022
2025-11-07,267.7126,493.6933,187.9103,309.8107,114.656,69.1332,183.3581,101.977,109.1594,665.4567
2025-11-10,268.9303,502.8156,198.7965,312.4532,115.6341,69.1038,185.1664,101.808,110.6379,675.8408
2025-11-11,274.7396,505.4787,192.914,311.2009,117.16,70.1719,190.4931,102.8219,113.2107,677.3879
2025-11-12,272.9629,507.9232,193.5531,315.9239,115.5363,70.0739,191.0434,102.8219,114.985,677.7648
2025-11-13,272.4438,500.1226,186.622,305.147,116.1916,69.6427,191.8886,101.9273,106.074,666.5179
2025-11-14,271.9048,506.9693,189.9278,299.3591,117.7013,69.7309,192.5569,101.8677,104.2899,666.4089
2025-11-17,266.964,504.2962,186.3623,296.1645,116.1127,69.2605,196.1441,102.3348,104.1814,660.2003
2025-11-18,266.944,490.6824,181.129,295.2179,117.4447,69.7897,196.5568,100.7842,104.763,654.6562
2025-11-19,268.062,484.0544,186.2824,299.0238,115.7871,69.6819,199.0236,100.0088,103.176,657.1853
2025-11-20,265.7563,476.3089,180.4099,294.2023,115.4615,69.7799,199.574,106.47,101.2341,647.1683
2025-11-21,270.9865,470.0268,178.6521,293.8474,115.5207,71.485,200.3897,104.6907,102.7916,653.6149
2025-11-24,275.4084,471.8985,182.3175,293.8277,114.4255,71.1322,202.5027,103.4382,100.485,663.2352
2025-11-25,276.4564,474.8752,177.5935,298.7577,112.9849,71.1518,204.4016,106.3606,101.8354,669.4734
2025-11-26,277.0353,483.3475,180.0304,303.3327,113.2415,71.4164,205.2818,108.4481,101.9537,674.0952
2025-11-28,278.3329,489.8287,176.7745,308.6965,114.3761,71.6516,204.6489,109.8497,102.9789,677.7747
2025-12-01,282.575,484.582,179.6908,304.5948,115.0767,71.0003,203.0862,110.8636,105.246,674.6804
2025-12-02,285.6593,487.8276,181.2289,303.5693,113.8433,69.7372,203.1653,111.7383,103.3337,675.9301
2025-12-03,283.623,475.612,179.3612,307.7598,116.2311,69.8753,203.0763,113.7264,104.2307,678.2706
2025-12-04,280.1794,478.7082,183.1566,311.6743,115.5799,69.5201,200.2576,114.1538,103.9646,678.7665
2025-12-05,278.263,481.0179,182.1878,310.6291,114.9879,69.076,199.7136,114.4222,103.797,680.0558
2025-12-08,277.3747,488.843,185.324,310.7967,114.4353,69.3227,199.407,112.8814,106.0937,678.0128
2025-12-09,276.666,489.8386,184.7447,296.3026,116.6751,69.1648,197.7653,114.3725,105.4924,677.4276
2025-12-10,278.263,476.4383,183.5561,305.7681,117.9479,69.2832,204.273,112.5037,107.2766,681.9204
2025-12-11,277.5144,481.3265,180.7096,312.9363,117.9479,68.1977,207.7049,114.8297,109.8691,683.5072
2025-12-12,277.7639,476.4084,174.8068,314.0604,117.2375,69.5891,209.2577,116.2392,110.0071,676.1581
2025-12-15,273.6017,472.7149,176.0752,315.5394,116.1916,70.0332,211.8193,116.3288,109.6498,675.1365
2025-12-16,274.1007,474.2779,177.5035,311.132,113.1527,69.4411,207.0027,114.9642,110.7712,673.2919
2025-12-17,271.3359,474.0091,170.7318,310.5699,115.8463,69.7372,208.0214,115.2033,109.7887,665.8832
2025-12-18,271.6852,481.8343,173.9279,308.6177,114.9879,69.4312,206.0236,114.3765,111.0193,670.9115
2025-12-19,273.1625,483.7657,180.7695,312.7687,115.1359,69.1352,204.1049,113.9084,110.3941,676.9923
2025-12-22,270.4675,482.7701,183.4662,318.5663,116.5764,69.2832,205.0445,112.1553,111.5254,681.2098
2025-12-23,271.8549,484.6916,188.9795,321.3666,117.8295,68.9477,203.5214,110.4621,112.3591,684.3233
2025-12-24,273.3022,485.8563,188.3802,324.5612,117.6322,69.1845,205.4994,111.1693,113.6095,686.7305
2025-12-26,272.893,485.5477,190.2979,323.3189,117.5237,68.9477,205.3511,111.2987,112.6965,686.6609
2025-12-29,273.2523,484.9404,187.9907,319.2171,118.9247,69.2339,205.2818,112.0856,113.3217,684.2139
2025-12-30,272.5735,485.3188,187.3115,318.8918,119.3786,69.1451,204.639,111.478,113.9171,683.3783
2025-12-31,271.3558,481.4759,186.2728,317.7086,118.7373,68.9872,204.6785,110.97,112.9049,678.3152
2026-01-02,270.5074,470.8432,188.6199,320.9229,121.0165,68.2076,205.0741,112.3147,110.9995,679.5586
2026-01-05,266.7644,470.7536,187.8908,329.3631,123.6904,67.0432,202.0675,112.2649,113.2026,684.0846
2026-01-06,261.8735,476.3885,187.0119,331.4133,119.4378,66.9445,202.5422,113.8885,113.6988,688.153
2026-01-07,259.8472,481.3265,188.8796,323.8661,116.9119,66.6485,205.2126,112.2749,112.0514,685.9348
2026-01-08,258.5596,475.9903,184.8146,326.6393,121.273,68.4543,203.4917,112.6235,113.3018,685.8651
2026-01-09,258.889,477.1551,184.6348,326.0451,122.9504,69.5793,202.1466,114.0777,114.9988,690.401
2026-01-12,259.7674,475.0644,184.7147,321.39,122.3781,69.5694,207.4181,117.5041,111.9621,691.4852
2026-01-13,260.5659,468.5833,185.5836,307.9298,124.8547,70.2996,211.305,119.8847,112.1209,690.1026
2026-01-14,259.4779,457.3434,182.9169,304.9287,128.4659,70.497,216.1512,119.566,112.6667,686.7106
2026-01-15,257.7312,454.6354,186.8221,306.3055,127.4102,69.5497,217.16,118.7293,112.5476,688.5807
2026-01-16,255.0561,457.8212,186.0031,309.4848,128.1601,69.5102,216.26,119.2273,110.3544,688.0037
2026-01-20,246.2425,452.5049,177.8531,299.8477,128.7225,70.8029,215.815,118.2412,109.501,673.9982
2026-01-21,247.1908,442.141,183.0967,299.1545,131.8306,71.0595,215.6171,118.8886,112.3293,681.7769
2026-01-22,247.8895,449.1399,184.6148,300.7292,131.8602,70.9213,216.0919,117.3647,112.3491,685.338
2026-01-23,247.58,463.8842,187.4414,294.8757,133.1724,71.918,217.7238,117.2651,110.1361,685.5865
2026-01-26,254.9364,468.195,186.2428,298.164,133.0442,71.6022,219.0589,117.1754,110.4636,689.0681
2026-01-27,257.791,478.4493,188.2903,297.441,135.0076,72.5791,221.9766,116.4782,109.7689,691.8135
2026-01-28,255.9644,479.4947,191.2867,297.8965,135.7477,72.0956,225.2206,116.1097,108.7269,691.7438
2026-01-29,257.801,431.5781,192.2755,303.4926,138.6386,72.4607,224.7953,116.9464,110.7315,690.3712
2026-01-30,258.9988,428.3823,190.8972,302.9677,139.5168,73.8225,224.7557,118.6695,111.9423,688.3121
2026-02-02,269.5093,421.493,185.3839,305.1962,136.5567,74.3356,228.2173,123.5701,103.6557,691.7339
2026-02-03,268.9803,409.3869,180.1203,311.8421,141.8158,75.875,230.5415,127.2057,103.4275,685.885
2026-02-04,275.9772,412.3537,173.9778,314.239,145.6243,76.329,231.8965,127.4945,106.236,682.5627
2026-02-05,275.3983,391.9247,171.6706,307.1969,144.1345,77.4737,235.18,126.4387,104.1718,674.038
2026-02-06,277.6042,399.3615,185.1841,319.3199,147.0649,77.9868,237.3559,130.662,107.8734,686.9692
2026-02-09,274.3672,411.7663,189.8085,319.0228,149.1961,76.9408,236.0207,128.5105,106.3154,690.2816
2026-02-10,273.4281,411.4377,188.3103,315.2393,149.5711,75.7961,235.7339,126.1997,109.1238,688.4613
2026-02-11,275.2464,402.5772,189.8185,307.8506,153.4882,77.5625,238.2163,128.2615,107.2978,688.3022
2026-02-12,261.4891,400.0584,186.7123,299.7487,148.9192,77.9572,241.8658,133.1123,101.6015,677.6687
2026-02-13,255.5446,399.5407,182.5873,299.6596,147.4492,77.6414,240.7779,133.3613,104.6481,678.1461
2026-02-17,263.6371,395.1005,184.7447,304.1958,145.2044,78.5098,240.6592,128.3412,104.6382,679.2403
2026-02-18,264.1067,397.8283,187.751,305.83,149.6642,78.4407,242.301,126.12,106.2856,682.6621
2026-02-19,260.3401,397.5988,187.6711,305.107,149.9522,77.8684,244.1999,124.3769,105.194,680.8617
2026-02-20,264.3365,396.3715,189.5888,307.8209,146.2871,78.7861,239.8284,122.5043,104.7772,685.7856
2026-02-23,265.935,383.6391,191.3167,294.8262,149.7436,79.4966,243.1417,125.3132,103.6161,678.7828
2026-02-24,271.8895,388.1593,192.6151,294.4597,148.2537,79.6545,244.8717,126.2495,105.2436,683.7165
2026-02-25,273.9776,399.7342,195.3218,300.4024,148.0551,79.4078,243.7681,125.2534,104.2512,689.4859
2026-02-26,272.6988,400.8518,184.6648,303.2054,147.5386,79.4374,242.0778,123.9287,104.7474,685.6562
2026-02-27,263.9368,391.8912,176.9742,297.4311,151.4719,80.4834,247.0094,127.4447,105.2337,682.3637
2026-03-02,264.4763,397.6886,182.2577,294.7173,153.1803,79.1611,247.1387,126.5981,103.5367,682.7516
2026-03-03,263.5072,403.057,179.8307,297.3914,150.8064,78.2927,245.339,127.4049,102.5145,676.7337
2026-03-04,262.2784,404.3243,182.817,296.5298,148.81,77.0691,243.8973,127.3053,102.2565,681.5083
2026-03-05,260.0504,409.7924,183.1167,290.7455,149.7436,76.0132,238.2598,122.8231,101.6313,677.7084
2026-03-06,257.223,408.0761,177.6034,286.7144,150.1906,76.0231,239.0253,123.3111,100.7679,668.8256
2026-03-09,259.6408,408.5252,182.4275,287.1503,149.4258,76.773,241.2028,123.849,100.887,674.6845
2026-03-10,260.5899,404.8831,184.5449,285.9716,147.1314,76.852,242.3164,124.6259,100.5495,673.6003
2026-03-11,260.5699,404.005,185.8134,284.7731,150.5581,76.6053,241.6005,123.0023,100.1228,672.7548
2026-03-12,255.5246,400.9915,182.9268,280.1874,152.4949,76.5855,240.656,124.8351,98.6739,662.5391
2026-03-13,249.8898,394.6951,180.0402,280.7321,155.0675,76.8439,240.1389,126.0204,98.535,658.789
2026-03-16,252.5873,399.0856,183.0067,283.4261,156.17,77.3208,241.7994,125.4925,97.9098,665.4934
2026-03-17,253.996,398.5468,181.7182,284.1492,157.7393,77.0823,236.7484,124.5861,99.5373,667.244
2026-03-18,249.7099,390.9433,180.19,284.9911,156.5276,75.4827,235.9232,121.4983,98.664,657.9335
2026-03-19,248.7309,388.1792,178.3521,285.2188,157.0937,75.0654,236.2414,120.6118,98.4457,656.3121
2026-03-20,247.7617,381.0447,172.4989,283.8224,158.5936,74.2705,234.0241,118.7933,98.7533,646.9034
2026-03-23,251.2585,382.1723,175.4355,287.1403,160.0437,74.6282,234.0738,120.4901,97.2052,653.6959
2026-03-24,251.4084,371.9344,174.996,289.6065,164.2651,74.191,233.9247,121.8175,95.657,651.5016
2026-03-25,252.3875,370.2381,178.472,292.5977,162.1593,74.7673,238.558,122.8256,95.2204,655.1322
2026-03-26,252.6572,365.1791,171.0407,288.8736,164.3147,74.2109,237.872,121.9473,94.0295,643.4324
2026-03-27,248.571,355.9989,167.325,280.1379,169.8372,75.2243,239.0751,122.6559,91.7172,632.4606
2026-03-30,246.403,358.1842,164.9777,281.059,170.314,75.7807,241.1034,123.2648,93.6028,630.3461
2026-03-31,253.5564,369.37,174.197,291.3497,168.5162,75.5621,243.0423,124.0433,95.6471,648.6689
2026-04-01,255.3947,368.5717,175.5454,292.5581,159.6961,75.592,242.7241,124.5024,95.8257,653.5563
2026-04-02,255.6844,372.6529,177.1835,291.7855,159.6067,76.2279,241.6503,125.5504,95.8754,654.1448
2026-04-06,258.6217,372.0741,177.4332,294.125,162.2686,76.7246,239.5921,126.5485,95.5479,657.2368
2026-04-07,253.2667,371.4854,177.8927,296.0663,162.805,75.423,237.0467,122.2567,95.0517,657.526
2026-04-08,258.6617,373.521,181.868,306.5888,155.1668,76.7942,239.9202,127.0176,98.4258,674.2729
2026-04-09,260.2502,372.2637,183.6959,308.9382,153.9948,77.6785,239.9301,128.884,99.0312,678.1628
2026-04-10,260.2402,370.0685,188.4104,308.4803,151.4818,76.973,237.0965,126.5285,98.4159,677.7141
2026-04-13,258.9614,383.5393,189.0896,312.2732,151.6109,75.9198,236.5993,124.3327,100.4106,684.337
2026-04-14,258.5917,392.2604,196.2812,309.7247,148.2339,75.4131,238.7271,124.8118,101.8099,692.6755
2026-04-15,266.1848,410.3313,198.6385,304.558,148.0054,74.8269,237.3052,124.5224,102.2565,698.1414
2026-04-16,263.1575,419.3517,198.1191,308.56,150.9554,74.6977,233.1989,124.5822,103.1099,699.857
2026-04-17,269.9813,421.8763,201.4452,308.8984,145.4527,75.2541,232.8409,127.2571,105.4818,708.3152
2026-04-20,272.7986,417.1665,201.8248,315.5684,146.6844,74.9958,229.3709,127.6763,105.4917,706.8988
2026-04-21,265.925,423.2433,199.6473,311.5963,147.3598,74.2208,224.8668,129.3531,103.497,702.2708
2026-04-22,272.9186,431.9844,202.2643,311.6162,148.4921,74.1513,224.8071,129.7324,104.0229,709.3825
2026-04-23,273.1783,414.8515,199.4076,310.2922,149.5152,75.7907,229.3311,131.7785,102.8618,706.6296
2026-04-24,270.8105,423.7023,208.0275,306.8975,147.9061,76.1384,226.1991,129.6725,101.8198,712.1055
2026-04-27,267.3636,423.9019,216.3578,310.2324,147.1909,74.9561,224.0515,127.347,101.5717,713.3323
2026-04-28,270.4608,428.3223,212.9218,310.0533,149.545,77.8474,226.4875,127.347,100.6984,709.8612
2026-04-29,269.9213,423.5426,209.0064,307.8631,153.6273,78.3641,226.05,127.7662,100.5297,709.7515
2026-04-30,271.1003,406.8987,199.3377,311.8253,153.2896,78.2548,228.5357,131.6787,102.9611,716.8133
2026-05-01,279.8821,413.5443,198.219,311.0687,151.7202,78.0759,225.8909,131.3493,102.2962,718.7982
2026-05-04,276.5752,412.7261,198.2489,306.2703,152.6539,77.6884,222.918,130.0818,100.5396,716.165
2026-05-05,283.9184,410.4909,196.2712,308.0124,153.8358,77.9766,224.2603,130.5409,99.7159,721.9102
2026-05-06,287.2454,413.0653,207.5881,313.4878,147.6876,78.7217,223.3356,129.8322,107.2383,731.9443
2026-05-07,287.1754,419.8606,211.2538,304.8965,145.5918,77.9269,221.2376,129.952,107.8337,729.7001
2026-05-08,293.05,414.2228,214.9495,300.7452,143.5954,77.9169,220.0545,130.43,107.1986,735.7246
2026-05-11,292.68,411.7682,219.1845,298.6546,148.6709,78.1554,220.1638,127.59,103.9237,737.4003
2026-05-12,294.8,406.8887,220.523,303.5127,149.6145,79.5166,222.9776,130.35,105.3527,736.2831
2026-05-13,298.87,404.3343,225.5671,298.9035,150.5482,79.7451,229.1024,131.47,104.1023,740.4025
2026-05-14,298.21,408.5451,235.4656,298.565,151.75,79.9339,229.4803,132.46,104.6184,746.2475
2026-05-15,300.23,421.0081,225.0577,296.4744,157.92,80.3016,225.4136,131.45,101.9389,737.2706
2026-05-18,297.84,422.6247,222.0612,299.3813,160.49,80.6791,227.611,133.34,103.1199,736.752
2026-05-19,298.97,416.5179,220.3532,294.3739,162.55,81.3945,228.6848,134.2,101.5122,731.8446
2026-05-20,302.25,420.15,223.2099,300.6257,156.28,81.0269,228.0087,130.85,103.2886,739.3453
2026-05-21,304.99,419.09,219.2545,301.6411,155.29,80.6493,230.4049,121.34,102.7924,740.8115
2026-05-22,308.82,418.57,215.0793,305.006,154.92,80.9573,233.0,120.27,102.2168,743.724
2026-05-26,308.33,416.03,214.6099,305.3643,149.81,79.9439,230.18,118.57,102.4946,748.6613
2026-05-27,310.85,412.67,212.3525,297.9378,147.9,81.0964,231.29,118.54,103.3878,748.5316
2026-05-28,312.51,426.99,214.0006,295.3993,146.96,79.8942,230.8,118.9,102.9412,752.6609
2026-05-29,312.06,450.24,210.8942,297.9677,145.26,78.5032,225.33,115.75,101.0557,754.5361
2026-06-01,306.31,460.52,224.0988,295.2499,149.38,78.1355,223.51,114.6,102.0679,756.5908
2026-06-02,315.2,441.31,222.5606,299.6103,149.56,77.907,222.89,113.06,100.6389,757.6182
2026-06-03,310.26,427.34,214.5,299.5008,152.53,78.2548,223.24,116.89,98.6342,752.3019
2026-06-04,311.23,428.05,218.66,309.4958,152.04,76.3272,228.17,117.74,98.5846,755.1446
2026-06-05,307.34,416.67,205.1,310.9691,149.92,78.9701,232.77,118.88,98.9518,735.6548
2026-06-08,301.54,411.74,208.64,309.7148,151.75,79.0298,232.16,119.83,98.1182,737.3204
2026-06-09,290.55,403.41,208.19,311.2976,148.91,80.8182,237.0,118.88,98.5747,735.1561
2026-06-10,291.58,397.36,200.42,307.7536,150.62,83.0538,238.49,120.59,97.8602,723.5659
2026-06-11,295.63,390.34,204.87,312.0841,146.6,82.0006,238.33,120.5,99.577,735.8643
2026-06-12,291.13,390.74,205.19,319.2817,147.01,82.09,240.87,121.04,99.2793,739.844
2026-06-15,296.42,399.76,212.45,317.9676,140.92,80.91,235.66,120.82,100.9167,752.8904
2026-06-16,299.24,393.83,207.41,329.6549,141.86,80.28,235.18,121.03,100.5098,748.402
2026-06-17,295.95,378.91,204.65,331.9645,140.74,79.93,234.2,118.13,100.093,739.056
2026-06-18,298.01,379.4,210.69,323.7615,137.81,79.39,228.39,117.18,103.1,746.74
2026-06-22,297.01,367.34,208.65,329.9934,138.47,79.53,231.29,117.18,101.671,744.39
2026-06-23,294.3,373.94,200.04,332.6415,139.73,80.31,239.08,119.42,102.7427,733.58
2026-06-24,293.08,365.46,199.0,331.9546,136.9,80.6,241.0,119.0,100.3511,733.24
2026-06-25,275.15,352.83,195.74,333.6171,137.55,80.42,244.88,115.78,97.3044,734.3
2026-06-26,283.78,372.97,192.53,327.5743,136.54,82.63,254.66,115.69,98.0388,728.99
2026-06-29,281.74,368.57,194.97,327.9128,136.06,82.65,258.51,114.6,97.88,741.0
